"SITE","STRATA_R","INDEX.NAME","totind","ntaxa","nept","nephem","totephem","nscrape","totclimb","totchiron","totcling","tottany","totscrape","totswim","totdipt","totintol_urb","pephem","pclimb","pchiron","pcling","ptany","pscrape","pswim","pdipt","pintol_urb","ndipt","nintol","becks","nintol_FAM","Index.Name","Index.Region","SC_ntaxa","SC_nept","SC_nephem","SC_pintol_urb","SC_pephem","SC_nscrape","SC_pclimb","SC_pchiron","SC_pcling","SC_ptany","SC_pscrape","SC_pswim","SC_pdipt","sum_IBI","IBI"
"ABPG-204-R-2016","COASTAL","MBSS.2005.Bugs",124,21,2,1,4,0,23,51,48,5,0,0,54,15,3.2258064516129,18.5483870967742,41.1290322580645,38.7096774193548,4.03225806451613,0,0,43.5483870967742,12.0967741935484,15,4,7,0,"MBSS.2005.Bugs","COASTAL",3,3,3,3,3,1,5,0,0,0,0,0,0,21,3
"ANTI-101-S-2016","HIGHLAND","MBSS.2005.Bugs",128,25,16,6,49,3,16,16,112,2,30,23,31,98,38.28125,12.5,12.5,87.5,1.5625,23.4375,17.96875,24.21875,76.5625,9,14,26,9,"MBSS.2005.Bugs","HIGHLAND",5,5,5,3,0,0,0,0,0,3,5,3,5,34,4.25
"ATKI-003-X-2016","EPIEDMONT","MBSS.2005.Bugs",121,22,4,1,1,3,18,92,37,6,14,1,96,6,0.826446280991736,14.8760330578512,76.0330578512397,30.5785123966942,4.95867768595041,11.5702479338843,0.826446280991736,79.3388429752066,4.95867768595041,16,2,3,1,"MBSS.2005.Bugs","EPIEDMONT",3,1,1,1,0,0,0,1,1,0,0,0,0,8,1.33333333333333
"ATKI-101-X-2016","EPIEDMONT","MBSS.2005.Bugs",116,20,6,1,7,1,21,58,78,1,9,7,65,15,6.03448275862069,18.1034482758621,50,67.2413793103448,0.862068965517241,7.75862068965517,6.03448275862069,56.0344827586207,12.9310344827586,12,4,5,2,"MBSS.2005.Bugs","EPIEDMONT",3,3,1,3,0,0,0,3,3,0,0,0,0,16,2.66666666666667
"ATKI-102-X-2016  ","EPIEDMONT","MBSS.2005.Bugs",125,13,0,0,0,1,6,117,2,6,1,0,117,5,0,4.8,93.6,1.6,4.8,0.8,0,93.6,4,11,1,2,0,"MBSS.2005.Bugs","EPIEDMONT",1,1,1,1,0,0,0,1,1,0,0,0,0,6,1
"ATKI-104-R-2016","EPIEDMONT","MBSS.2005.Bugs",118,27,10,2,22,4,4,36,85,0,7,20,54,39,18.6440677966102,3.38983050847458,30.5084745762712,72.0338983050847,0,5.93220338983051,16.9491525423729,45.7627118644068,33.0508474576271,14,8,15,6,"MBSS.2005.Bugs","EPIEDMONT",5,3,3,3,0,0,0,3,3,0,0,0,0,20,3.33333333333333
"ATKI-106-R-2016","EPIEDMONT","MBSS.2005.Bugs",122,17,4,0,0,1,11,105,29,1,2,0,111,8,0,9.01639344262295,86.0655737704918,23.7704918032787,0.819672131147541,1.63934426229508,0,90.983606557377,6.55737704918033,12,3,4,2,"MBSS.2005.Bugs","EPIEDMONT",3,1,1,1,0,0,0,1,1,0,0,0,0,8,1.33333333333333
"ATKI-302-R-2016","EPIEDMONT","MBSS.2005.Bugs",114,23,7,2,8,0,4,21,89,5,0,8,42,18,7.01754385964912,3.50877192982456,18.4210526315789,78.0701754385965,4.3859649122807,0,7.01754385964912,36.8421052631579,15.7894736842105,11,7,12,4,"MBSS.2005.Bugs","EPIEDMONT",3,3,3,3,0,0,0,5,5,0,0,0,0,22,3.66666666666667
"ATKI-303-R-2016","EPIEDMONT","MBSS.2005.Bugs",111,20,8,2,11,2,3,20,86,0,4,11,51,13,9.90990990990991,2.7027027027027,18.018018018018,77.4774774774775,0,3.6036036036036,9.90990990990991,45.945945945946,11.7117117117117,9,4,9,6,"MBSS.2005.Bugs","EPIEDMONT",3,3,3,1,0,0,0,5,5,0,0,0,0,20,3.33333333333333
"BACK-101-R-2016","EPIEDMONT","MBSS.2005.Bugs",123,13,1,0,0,1,52,65,6,0,49,0,66,0,0,42.2764227642276,52.8455284552846,4.8780487804878,0,39.8373983739837,0,53.6585365853659,0,8,0,0,0,"MBSS.2005.Bugs","EPIEDMONT",1,1,1,1,0,0,0,3,1,0,0,0,0,8,1.33333333333333
"BACK-105-R-2016","EPIEDMONT","MBSS.2005.Bugs",117,9,3,0,0,0,0,52,68,1,0,0,54,0,0,0,44.4444444444444,58.1196581196581,0.854700854700855,0,0,46.1538461538462,0,5,0,0,1,"MBSS.2005.Bugs","EPIEDMONT",1,1,1,1,0,0,0,3,3,0,0,0,0,10,1.66666666666667
"BACK-111-R-2016","COASTAL","MBSS.2005.Bugs",132,16,2,0,0,0,34,69,52,7,0,0,70,0,0,25.7575757575758,52.2727272727273,39.3939393939394,5.3030303030303,0,0,53.030303030303,0,9,1,3,1,"MBSS.2005.Bugs","COASTAL",3,3,1,1,1,1,5,0,0,0,0,0,0,15,2.14285714285714
"BELK-109-R-2016","EPIEDMONT","MBSS.2005.Bugs",126,35,15,3,15,9,9,35,82,7,29,1,49,49,11.9047619047619,7.14285714285714,27.7777777777778,65.0793650793651,5.55555555555556,23.015873015873,0.793650793650794,38.8888888888889,38.8888888888889,12,14,25,10,"MBSS.2005.Bugs","EPIEDMONT",5,5,3,3,0,0,0,3,3,0,0,0,0,22,3.66666666666667
"BELK-303-R-2016","EPIEDMONT","MBSS.2005.Bugs",111,15,7,2,2,4,0,31,88,9,7,0,41,8,1.8018018018018,0,27.9279279279279,79.2792792792793,8.10810810810811,6.30630630630631,0,36.9369369369369,7.20720720720721,7,6,11,5,"MBSS.2005.Bugs","EPIEDMONT",3,3,3,1,0,0,0,3,5,0,0,0,0,18,3
"BELK-305-R-2016","EPIEDMONT","MBSS.2005.Bugs",120,22,9,2,2,5,1,25,95,1,7,1,41,16,1.66666666666667,0.833333333333333,20.8333333333333,79.1666666666667,0.833333333333333,5.83333333333333,0.833333333333333,34.1666666666667,13.3333333333333,9,7,12,6,"MBSS.2005.Bugs","EPIEDMONT",3,3,3,3,0,0,0,5,5,0,0,0,0,22,3.66666666666667
"BELK-CJE-R-2016","EPIEDMONT","MBSS.2005.Bugs",129,17,8,2,3,3,0,48,81,4,5,2,49,9,2.32558139534884,0,37.2093023255814,62.7906976744186,3.10077519379845,3.87596899224806,1.55038759689922,37.984496124031,6.97674418604651,7,5,9,5,"MBSS.2005.Bugs","EPIEDMONT",3,3,3,1,0,0,0,3,3,0,0,0,0,16,2.66666666666667
"BIRD-107-R-2016","EPIEDMONT","MBSS.2005.Bugs",132,18,1,0,0,2,4,123,5,1,17,0,125,2,0,3.03030303030303,93.1818181818182,3.78787878787879,0.757575757575758,12.8787878787879,0,94.6969696969697,1.51515151515152,13,2,3,1,"MBSS.2005.Bugs","EPIEDMONT",3,1,1,1,0,0,0,1,1,0,0,0,0,8,1.33333333333333
"BRET-101-R-2016","COASTAL","MBSS.2005.Bugs",120,30,11,3,6,3,40,59,87,6,14,5,75,44,5,33.3333333333333,49.1666666666667,72.5,5,11.6666666666667,4.16666666666667,62.5,36.6666666666667,15,14,23,7,"MBSS.2005.Bugs","COASTAL",5,5,5,5,3,5,5,0,0,0,0,0,0,33,4.71428571428571
"BRET-103-R-2016","COASTAL","MBSS.2005.Bugs",127,19,7,0,0,2,2,11,111,1,5,0,24,112,0,1.5748031496063,8.66141732283465,87.4015748031496,0.78740157480315,3.93700787401575,0,18.8976377952756,88.1889763779528,9,11,19,6,"MBSS.2005.Bugs","COASTAL",3,5,1,5,1,5,3,0,0,0,0,0,0,23,3.28571428571429
"BRET-117-R-2016","COASTAL","MBSS.2005.Bugs",111,24,4,0,0,0,12,41,55,0,0,1,60,61,0,10.8108108108108,36.9369369369369,49.5495495495495,0,0,0.900900900900901,54.0540540540541,54.954954954955,13,10,16,1,"MBSS.2005.Bugs","COASTAL",5,3,1,5,1,1,5,0,0,0,0,0,0,21,3
"BRET-AJA-R-2016","COASTAL","MBSS.2005.Bugs",116,27,13,4,7,6,11,18,61,1,60,3,28,77,6.03448275862069,9.48275862068965,15.5172413793103,52.5862068965517,0.862068965517241,51.7241379310345,2.58620689655172,24.1379310344828,66.3793103448276,10,12,19,7,"MBSS.2005.Bugs","COASTAL",5,5,5,5,3,5,5,0,0,0,0,0,0,33,4.71428571428571
"BYNU-207-R-2016","EPIEDMONT","MBSS.2005.Bugs",115,28,3,0,0,7,33,40,24,12,18,0,42,7,0,28.695652173913,34.7826086956522,20.8695652173913,10.4347826086957,15.6521739130435,0,36.5217391304348,6.08695652173913,15,3,7,0,"MBSS.2005.Bugs","EPIEDMONT",5,1,1,1,0,0,0,3,1,0,0,0,0,12,2
"BYNU-301-R-2016","EPIEDMONT","MBSS.2005.Bugs",111,20,3,2,3,3,28,58,39,24,9,1,59,8,2.7027027027027,25.2252252252252,52.2522522522522,35.1351351351351,21.6216216216216,8.10810810810811,0.900900900900901,53.1531531531532,7.20720720720721,11,3,4,1,"MBSS.2005.Bugs","EPIEDMONT",3,1,3,1,0,0,0,3,3,0,0,0,0,14,2.33333333333333
"BYNU-306-R-2016","EPIEDMONT","MBSS.2005.Bugs",115,16,2,0,0,1,14,106,43,17,15,0,108,0,0,12.1739130434783,92.1739130434783,37.3913043478261,14.7826086956522,13.0434782608696,0,93.9130434782609,0,13,0,0,0,"MBSS.2005.Bugs","EPIEDMONT",3,1,1,1,0,0,0,1,3,0,0,0,0,10,1.66666666666667
"CATO-107-X-2016","HIGHLAND","MBSS.2005.Bugs",127,21,3,3,10,0,13,60,71,3,0,8,110,6,7.8740157480315,10.2362204724409,47.244094488189,55.9055118110236,2.36220472440945,0,6.2992125984252,86.6141732283465,4.7244094488189,15,3,7,0,"MBSS.2005.Bugs","HIGHLAND",3,1,3,1,0,0,0,0,0,3,1,3,1,16,2
"CATO-201-X-2016","HIGHLAND","MBSS.2005.Bugs",143,30,6,1,3,2,5,109,25,2,9,1,115,10,2.0979020979021,3.4965034965035,76.2237762237762,17.4825174825175,1.3986013986014,6.29370629370629,0.699300699300699,80.4195804195804,6.99300699300699,19,7,12,2,"MBSS.2005.Bugs","HIGHLAND",5,1,1,1,0,0,0,0,0,3,3,1,1,16,2
"CATO-202-X-2016","HIGHLAND","MBSS.2005.Bugs",148,32,6,3,6,2,10,106,28,5,7,4,112,6,4.05405405405405,6.75675675675676,71.6216216216216,18.9189189189189,3.37837837837838,4.72972972972973,2.7027027027027,75.6756756756757,4.05405405405405,19,4,10,2,"MBSS.2005.Bugs","HIGHLAND",5,1,3,1,0,0,0,0,0,3,3,1,1,18,2.25
"CATO-203-X-2016","HIGHLAND","MBSS.2005.Bugs",137,24,5,2,6,2,5,82,44,5,4,5,105,6,4.37956204379562,3.64963503649635,59.8540145985402,32.1167883211679,3.64963503649635,2.91970802919708,3.64963503649635,76.6423357664234,4.37956204379562,16,4,10,0,"MBSS.2005.Bugs","HIGHLAND",5,1,1,1,0,0,0,0,0,3,1,3,1,16,2
"CATO-204-X-2016","HIGHLAND","MBSS.2005.Bugs",113,22,1,0,0,1,3,83,20,5,2,0,98,6,0,2.65486725663717,73.4513274336283,17.6991150442478,4.42477876106195,1.76991150442478,0,86.7256637168142,5.30973451327434,16,3,5,0,"MBSS.2005.Bugs","HIGHLAND",3,1,1,1,0,0,0,0,0,5,1,1,1,14,1.75
"CATO-205-X-2016","HIGHLAND","MBSS.2005.Bugs",127,16,1,1,2,0,5,75,23,2,0,0,91,6,1.5748031496063,3.93700787401575,59.0551181102362,18.1102362204724,1.5748031496063,0,0,71.6535433070866,4.7244094488189,12,3,6,0,"MBSS.2005.Bugs","HIGHLAND",3,1,1,1,0,0,0,0,0,3,1,1,1,12,1.5
"CATO-206-X-2016","HIGHLAND","MBSS.2005.Bugs",126,17,1,1,1,1,4,60,69,2,1,1,89,5,0.793650793650794,3.17460317460317,47.6190476190476,54.7619047619048,1.58730158730159,0.793650793650794,0.793650793650794,70.6349206349206,3.96825396825397,12,2,6,0,"MBSS.2005.Bugs","HIGHLAND",3,1,1,1,0,0,0,0,0,3,1,1,1,12,1.5
"CHRI-105-R-2016","EPIEDMONT","MBSS.2005.Bugs",118,27,5,3,3,7,12,76,52,15,32,2,84,13,2.54237288135593,10.1694915254237,64.4067796610169,44.0677966101695,12.7118644067797,27.1186440677966,1.69491525423729,71.1864406779661,11.0169491525424,16,6,9,2,"MBSS.2005.Bugs","EPIEDMONT",5,3,3,1,0,0,0,1,3,0,0,0,0,16,2.66666666666667
"CONO-101-R-2016","HIGHLAND","MBSS.2005.Bugs",135,10,4,0,0,2,0,2,10,0,4,0,3,2,0,0,1.48148148148148,7.40740740740741,0,2.96296296296296,0,2.22222222222222,1.48148148148148,3,1,4,2,"MBSS.2005.Bugs","HIGHLAND",1,1,1,1,0,0,0,0,0,1,1,1,5,12,1.5
"CONO-222-R-2016","HIGHLAND","MBSS.2005.Bugs",114,17,1,0,0,0,19,92,33,7,0,0,98,8,0,16.6666666666667,80.7017543859649,28.9473684210526,6.14035087719298,0,0,85.9649122807018,7.01754385964912,11,3,7,0,"MBSS.2005.Bugs","HIGHLAND",3,1,1,1,0,0,0,0,0,5,1,1,1,14,1.75
"CONO-312-R-2016","HIGHLAND","MBSS.2005.Bugs",118,21,4,1,8,1,13,80,35,6,2,8,88,10,6.77966101694915,11.0169491525424,67.7966101694915,29.6610169491525,5.08474576271187,1.69491525423729,6.77966101694915,74.5762711864407,8.47457627118644,12,4,9,1,"MBSS.2005.Bugs","HIGHLAND",3,1,1,1,0,0,0,0,0,5,1,3,1,16,2
"CORS-102-S-2016","COASTAL","MBSS.2005.Bugs",116,17,5,1,1,2,7,9,101,1,3,1,75,78,0.862068965517241,6.03448275862069,7.75862068965517,87.0689655172414,0.862068965517241,2.58620689655172,0.862068965517241,64.6551724137931,67.2413793103448,10,6,15,4,"MBSS.2005.Bugs","COASTAL",3,5,3,5,3,5,3,0,0,0,0,0,0,27,3.85714285714286
"CORS-AJB-S-2016","COASTAL","MBSS.2005.Bugs",116,21,6,1,5,3,1,6,102,0,5,5,72,87,4.31034482758621,0.862068965517241,5.17241379310345,87.9310344827586,0,4.31034482758621,4.31034482758621,62.0689655172414,75,10,9,18,5,"MBSS.2005.Bugs","COASTAL",3,5,3,5,3,5,1,0,0,0,0,0,0,25,3.57142857142857
"DOUB-103-R-2016","HIGHLAND","MBSS.2005.Bugs",122,20,8,1,7,2,8,8,104,1,49,7,29,102,5.73770491803279,6.55737704918033,6.55737704918033,85.2459016393443,0.819672131147541,40.1639344262295,5.73770491803279,23.7704918032787,83.6065573770492,10,9,16,6,"MBSS.2005.Bugs","HIGHLAND",3,3,1,5,0,0,0,0,0,3,5,3,5,28,3.5
"DOUB-113-R-2016","HIGHLAND","MBSS.2005.Bugs",115,23,4,0,0,4,1,77,38,0,14,1,97,27,0,0.869565217391304,66.9565217391304,33.0434782608696,0,12.1739130434783,0.869565217391304,84.3478260869565,23.4782608695652,16,6,10,4,"MBSS.2005.Bugs","HIGHLAND",3,1,1,1,0,0,0,0,0,1,3,1,1,12,1.5
"DOUB-119-R-2016","HIGHLAND","MBSS.2005.Bugs",118,25,7,1,1,1,2,29,84,2,4,1,98,82,0.847457627118644,1.69491525423729,24.5762711864407,71.1864406779661,1.69491525423729,3.38983050847458,0.847457627118644,83.0508474576271,69.4915254237288,16,10,17,6,"MBSS.2005.Bugs","HIGHLAND",5,1,1,3,0,0,0,0,0,3,3,1,1,18,2.25
"DOUB-218-R-2016","HIGHLAND","MBSS.2005.Bugs",115,27,12,5,18,3,1,22,89,2,14,3,67,56,15.6521739130435,0.869565217391304,19.1304347826087,77.3913043478261,1.73913043478261,12.1739130434783,2.60869565217391,58.2608695652174,48.695652173913,13,8,18,9,"MBSS.2005.Bugs","HIGHLAND",5,3,5,3,0,0,0,0,0,3,3,1,1,24,3
"DOUB-221-R-2016","HIGHLAND","MBSS.2005.Bugs",107,23,7,2,8,1,0,47,57,1,5,3,58,19,7.47663551401869,0,43.9252336448598,53.2710280373832,0.934579439252336,4.67289719626168,2.80373831775701,54.2056074766355,17.7570093457944,13,4,7,5,"MBSS.2005.Bugs","HIGHLAND",3,1,1,1,0,0,0,0,0,3,3,1,1,14,1.75
"DOUB-225-R-2016","HIGHLAND","MBSS.2005.Bugs",121,21,3,0,0,4,2,56,70,2,23,0,63,2,0,1.65289256198347,46.2809917355372,57.8512396694215,1.65289256198347,19.0082644628099,0,52.0661157024793,1.65289256198347,12,2,5,1,"MBSS.2005.Bugs","HIGHLAND",3,1,1,1,0,0,0,0,0,3,5,1,1,16,2
"DOUB-319-R-2016","HIGHLAND","MBSS.2005.Bugs",106,25,8,4,29,4,9,35,50,3,9,16,39,25,27.3584905660377,8.49056603773585,33.0188679245283,47.1698113207547,2.83018867924528,8.49056603773585,15.0943396226415,36.7924528301887,23.5849056603774,12,6,13,5,"MBSS.2005.Bugs","HIGHLAND",5,3,3,1,0,0,0,0,0,3,3,3,3,24,3
"EVIT-323-R-2016","HIGHLAND","MBSS.2005.Bugs",110,23,11,5,47,4,8,22,94,4,10,39,26,51,42.7272727272727,7.27272727272727,20,85.4545454545455,3.63636363636364,9.09090909090909,35.4545454545455,23.6363636363636,46.3636363636364,10,8,16,8,"MBSS.2005.Bugs","HIGHLAND",3,3,5,3,0,0,0,0,0,3,3,5,5,30,3.75
"FIMI-207-S-2016","HIGHLAND","MBSS.2005.Bugs",131,17,10,4,11,3,12,13,115,9,9,3,83,127,8.3969465648855,9.16030534351145,9.9236641221374,87.7862595419847,6.87022900763359,6.87022900763359,2.29007633587786,63.3587786259542,96.9465648854962,7,13,22,9,"MBSS.2005.Bugs","HIGHLAND",3,3,3,5,0,0,0,0,0,5,3,1,1,24,3
"FURN-101-S-2016","EPIEDMONT","MBSS.2005.Bugs",124,28,14,5,56,5,4,8,113,2,23,44,25,99,45.1612903225806,3.2258064516129,6.45161290322581,91.1290322580645,1.61290322580645,18.5483870967742,35.4838709677419,20.1612903225806,79.8387096774193,11,17,30,12,"MBSS.2005.Bugs","EPIEDMONT",5,5,5,5,0,0,0,5,5,0,0,0,0,30,5
"GEOR-109-R-2016","HIGHLAND","MBSS.2005.Bugs",133,27,13,2,2,2,12,19,108,9,2,1,40,115,1.50375939849624,9.02255639097744,14.2857142857143,81.203007518797,6.76691729323308,1.50375939849624,0.75187969924812,30.0751879699248,86.4661654135338,12,15,29,9,"MBSS.2005.Bugs","HIGHLAND",5,3,1,5,0,0,0,0,0,5,1,1,3,24,3
"GILB-101-X-2016","COASTAL","MBSS.2005.Bugs",118,15,6,2,20,2,4,66,49,3,48,20,72,50,16.9491525423729,3.38983050847458,55.9322033898305,41.5254237288136,2.54237288135593,40.6779661016949,16.9491525423729,61.0169491525424,42.3728813559322,8,7,10,4,"MBSS.2005.Bugs","COASTAL",3,5,5,5,5,5,3,0,0,0,0,0,0,31,4.42857142857143
"GILB-301-X-2016","COASTAL","MBSS.2005.Bugs",118,29,8,4,22,5,5,40,80,5,12,16,47,49,18.6440677966102,4.23728813559322,33.8983050847458,67.7966101694915,4.23728813559322,10.1694915254237,13.5593220338983,39.8305084745763,41.5254237288136,16,8,16,4,"MBSS.2005.Bugs","COASTAL",5,5,5,5,5,5,3,0,0,0,0,0,0,33,4.71428571428571
"JONE-102-R-2016","EPIEDMONT","MBSS.2005.Bugs",119,17,2,0,0,1,9,81,39,2,3,0,85,0,0,7.56302521008403,68.0672268907563,32.7731092436975,1.68067226890756,2.52100840336134,0,71.4285714285714,0,11,0,0,0,"MBSS.2005.Bugs","EPIEDMONT",3,1,1,1,0,0,0,1,3,0,0,0,0,10,1.66666666666667
"JONE-109-S-2016","EPIEDMONT","MBSS.2005.Bugs",125,27,10,1,13,4,31,50,82,2,9,13,57,45,10.4,24.8,40,65.6,1.6,7.2,10.4,45.6,36,11,10,18,6,"MBSS.2005.Bugs","EPIEDMONT",5,3,1,3,0,0,0,3,3,0,0,0,0,18,3
"JONE-204-R-2016","EPIEDMONT","MBSS.2005.Bugs",121,29,10,4,12,6,18,40,82,12,12,11,50,16,9.91735537190083,14.8760330578512,33.0578512396694,67.7685950413223,9.91735537190083,9.91735537190083,9.09090909090909,41.3223140495868,13.2231404958678,11,8,14,5,"MBSS.2005.Bugs","EPIEDMONT",5,3,5,3,0,0,0,3,3,0,0,0,0,22,3.66666666666667
"JONE-213-R-2016","EPIEDMONT","MBSS.2005.Bugs",129,27,8,2,23,4,22,28,97,0,11,23,37,14,17.8294573643411,17.0542635658915,21.7054263565891,75.1937984496124,0,8.52713178294574,17.8294573643411,28.6821705426357,10.8527131782946,11,7,15,7,"MBSS.2005.Bugs","EPIEDMONT",5,3,3,1,0,0,0,5,5,0,0,0,0,22,3.66666666666667
"JONE-315-S-2016","EPIEDMONT","MBSS.2005.Bugs",116,27,13,4,40,6,32,31,80,2,14,35,38,26,34.4827586206897,27.5862068965517,26.7241379310345,68.9655172413793,1.72413793103448,12.0689655172414,30.1724137931034,32.7586206896552,22.4137931034483,10,12,20,8,"MBSS.2005.Bugs","EPIEDMONT",5,5,5,3,0,0,0,3,3,0,0,0,0,24,4
"LANG-115-R-2016","COASTAL","MBSS.2005.Bugs",136,26,2,0,0,2,11,85,13,9,8,0,106,39,0,8.08823529411765,62.5,9.55882352941176,6.61764705882353,5.88235294117647,0,77.9411764705882,28.6764705882353,19,8,17,1,"MBSS.2005.Bugs","COASTAL",5,3,1,5,1,5,5,0,0,0,0,0,0,25,3.57142857142857
"LANG-204-R-2016","COASTAL","MBSS.2005.Bugs",113,35,5,1,3,6,25,55,50,8,8,1,65,18,2.65486725663717,22.1238938053097,48.6725663716814,44.2477876106195,7.07964601769912,7.07964601769912,0.884955752212389,57.5221238938053,15.929203539823,18,2,4,1,"MBSS.2005.Bugs","COASTAL",5,5,3,3,3,5,5,0,0,0,0,0,0,29,4.14285714285714
"LIBE-102-S-2016","EPIEDMONT","MBSS.2005.Bugs",137,37,15,5,40,5,15,34,98,12,13,39,46,78,29.1970802919708,10.9489051094891,24.8175182481752,71.5328467153285,8.75912408759124,9.48905109489051,28.4671532846715,33.5766423357664,56.9343065693431,16,19,38,10,"MBSS.2005.Bugs","EPIEDMONT",5,5,5,5,0,0,0,3,3,0,0,0,0,26,4.33333333333333
"LIBE-201-X-2016","EPIEDMONT","MBSS.2005.Bugs",116,19,4,0,0,1,56,91,81,5,4,0,95,6,0,48.2758620689655,78.448275862069,69.8275862068966,4.31034482758621,3.44827586206897,0,81.8965517241379,5.17241379310345,13,2,4,2,"MBSS.2005.Bugs","EPIEDMONT",3,1,1,1,0,0,0,1,3,0,0,0,0,10,1.66666666666667
"LIBE-202-X-2016","EPIEDMONT","MBSS.2005.Bugs",119,25,7,2,4,1,9,90,32,3,1,4,95,21,3.36134453781513,7.56302521008403,75.6302521008403,26.890756302521,2.52100840336134,0.840336134453782,3.36134453781513,79.8319327731092,17.6470588235294,16,7,15,3,"MBSS.2005.Bugs","EPIEDMONT",5,3,3,3,0,0,0,1,1,0,0,0,0,16,2.66666666666667
"LIBE-203-X-2016","EPIEDMONT","MBSS.2005.Bugs",122,24,6,2,2,3,5,81,40,2,3,1,85,36,1.63934426229508,4.0983606557377,66.3934426229508,32.7868852459016,1.63934426229508,2.45901639344262,0.819672131147541,69.672131147541,29.5081967213115,15,9,16,4,"MBSS.2005.Bugs","EPIEDMONT",3,3,3,3,0,0,0,1,3,0,0,0,0,16,2.66666666666667
"LIBE-204-X-2016","EPIEDMONT","MBSS.2005.Bugs",133,22,9,4,17,2,2,75,51,2,7,11,84,43,12.781954887218,1.50375939849624,56.390977443609,38.3458646616541,1.50375939849624,5.26315789473684,8.27067669172932,63.1578947368421,32.3308270676692,11,8,16,5,"MBSS.2005.Bugs","EPIEDMONT",3,3,5,3,0,0,0,3,3,0,0,0,0,20,3.33333333333333
"LIEL-114-R-2016","EPIEDMONT","MBSS.2005.Bugs",120,29,8,4,12,3,7,72,50,2,19,9,75,16,10,5.83333333333333,60,41.6666666666667,1.66666666666667,15.8333333333333,7.5,62.5,13.3333333333333,13,7,15,5,"MBSS.2005.Bugs","EPIEDMONT",5,3,5,3,0,0,0,3,3,0,0,0,0,22,3.66666666666667
"LIEL-118-R-2016","EPIEDMONT","MBSS.2005.Bugs",119,27,10,6,18,3,15,85,37,15,17,10,88,27,15.1260504201681,12.6050420168067,71.4285714285714,31.0924369747899,12.6050420168067,14.2857142857143,8.40336134453782,73.9495798319328,22.6890756302521,15,8,16,4,"MBSS.2005.Bugs","EPIEDMONT",5,3,5,3,0,0,0,1,3,0,0,0,0,20,3.33333333333333
"LIGU-103-R-2016","EPIEDMONT","MBSS.2005.Bugs",114,25,10,4,21,5,10,28,81,3,28,7,42,64,18.4210526315789,8.7719298245614,24.5614035087719,71.0526315789474,2.63157894736842,24.5614035087719,6.14035087719298,36.8421052631579,56.140350877193,11,10,14,5,"MBSS.2005.Bugs","EPIEDMONT",5,3,5,5,0,0,0,3,3,0,0,0,0,24,4
"LMON-345-R-2016","HIGHLAND","MBSS.2005.Bugs",110,23,5,1,2,2,12,83,34,7,37,2,89,13,1.81818181818182,10.9090909090909,75.4545454545455,30.9090909090909,6.36363636363636,33.6363636363636,1.81818181818182,80.9090909090909,11.8181818181818,16,3,6,4,"MBSS.2005.Bugs","HIGHLAND",3,1,1,1,0,0,0,0,0,5,5,1,1,18,2.25
"LOCH-112-R-2016","EPIEDMONT","MBSS.2005.Bugs",117,26,13,4,13,3,7,55,61,0,13,11,74,44,11.1111111111111,5.98290598290598,47.008547008547,52.1367521367521,0,11.1111111111111,9.4017094017094,63.2478632478632,37.6068376068376,11,12,24,7,"MBSS.2005.Bugs","EPIEDMONT",5,5,5,3,0,0,0,3,3,0,0,0,0,24,4
"LOCH-114-R-2016","EPIEDMONT","MBSS.2005.Bugs",125,19,6,2,26,6,5,38,94,2,18,24,39,29,20.8,4,30.4,75.2,1.6,14.4,19.2,31.2,23.2,8,5,7,5,"MBSS.2005.Bugs","EPIEDMONT",3,3,3,3,0,0,0,3,5,0,0,0,0,20,3.33333333333333
"LOCH-120-S-2016","EPIEDMONT","MBSS.2005.Bugs",120,29,14,4,28,5,15,25,90,9,15,22,29,72,23.3333333333333,12.5,20.8333333333333,75,7.5,12.5,18.3333333333333,24.1666666666667,60,11,13,23,11,"MBSS.2005.Bugs","EPIEDMONT",5,5,5,5,0,0,0,5,5,0,0,0,0,30,5
"LOCH-121-R-2016","EPIEDMONT","MBSS.2005.Bugs",134,21,3,1,1,2,32,124,11,26,15,1,127,27,0.746268656716418,23.8805970149254,92.5373134328358,8.2089552238806,19.4029850746269,11.1940298507463,0.746268656716418,94.7761194029851,20.1492537313433,15,2,6,1,"MBSS.2005.Bugs","EPIEDMONT",3,1,1,3,0,0,0,1,1,0,0,0,0,10,1.66666666666667
"LOCH-124-R-2016","EPIEDMONT","MBSS.2005.Bugs",124,16,5,1,5,4,13,40,100,1,55,0,42,10,4.03225806451613,10.4838709677419,32.258064516129,80.6451612903226,0.806451612903226,44.3548387096774,0,33.8709677419355,8.06451612903226,9,3,3,3,"MBSS.2005.Bugs","EPIEDMONT",3,3,1,1,0,0,0,3,5,0,0,0,0,16,2.66666666666667
"LOCH-202-R-2016","EPIEDMONT","MBSS.2005.Bugs",142,28,14,6,22,3,13,29,118,1,5,21,34,94,15.4929577464789,9.15492957746479,20.4225352112676,83.0985915492958,0.704225352112676,3.52112676056338,14.7887323943662,23.943661971831,66.1971830985916,12,11,19,6,"MBSS.2005.Bugs","EPIEDMONT",5,5,5,5,0,0,0,5,5,0,0,0,0,30,5
"LOCH-206-R-2016","EPIEDMONT","MBSS.2005.Bugs",117,30,17,6,32,4,7,28,90,8,12,25,38,66,27.3504273504274,5.98290598290598,23.9316239316239,76.9230769230769,6.83760683760684,10.2564102564103,21.3675213675214,32.4786324786325,56.4102564102564,12,16,32,12,"MBSS.2005.Bugs","EPIEDMONT",5,5,5,5,0,0,0,5,5,0,0,0,0,30,5
"LOCH-209-R-2016","EPIEDMONT","MBSS.2005.Bugs",116,30,11,4,36,3,9,51,71,2,10,35,61,29,31.0344827586207,7.75862068965517,43.9655172413793,61.2068965517241,1.72413793103448,8.62068965517241,30.1724137931034,52.5862068965517,25,15,6,12,3,"MBSS.2005.Bugs","EPIEDMONT",5,5,5,3,0,0,0,3,3,0,0,0,0,24,4
"LOCH-311-R-2016","EPIEDMONT","MBSS.2005.Bugs",119,25,12,6,43,4,3,21,100,1,5,39,37,45,36.1344537815126,2.52100840336134,17.6470588235294,84.0336134453782,0.840336134453782,4.20168067226891,32.7731092436975,31.0924369747899,37.8151260504202,12,7,16,8,"MBSS.2005.Bugs","EPIEDMONT",5,5,5,3,0,0,0,5,5,0,0,0,0,28,4.66666666666667
"LOCH-313-R-2016","EPIEDMONT","MBSS.2005.Bugs",117,21,10,5,52,2,4,7,107,2,9,42,18,57,44.4444444444444,3.41880341880342,5.98290598290598,91.4529914529915,1.70940170940171,7.69230769230769,35.8974358974359,15.3846153846154,48.7179487179487,9,9,18,7,"MBSS.2005.Bugs","EPIEDMONT",3,3,5,3,0,0,0,5,5,0,0,0,0,24,4
"LOCH-317-R-2016","EPIEDMONT","MBSS.2005.Bugs",118,23,6,3,22,4,2,26,90,1,33,20,40,36,18.6440677966102,1.69491525423729,22.0338983050847,76.271186440678,0.847457627118644,27.9661016949153,16.9491525423729,33.8983050847458,30.5084745762712,12,6,9,3,"MBSS.2005.Bugs","EPIEDMONT",3,3,3,3,0,0,0,5,5,0,0,0,0,22,3.66666666666667
"LOCR-102-S-2016","COASTAL","MBSS.2005.Bugs",110,14,0,0,0,1,0,10,93,0,1,0,103,47,0,0,9.09090909090909,84.5454545454545,0,0.909090909090909,0,93.6363636363636,42.7272727272727,10,2,7,0,"MBSS.2005.Bugs","COASTAL",3,1,1,5,1,3,1,0,0,0,0,0,0,15,2.14285714285714
"LOCR-114-R-2016","COASTAL","MBSS.2005.Bugs",115,25,1,1,2,1,5,85,14,6,1,0,85,6,1.73913043478261,4.34782608695652,73.9130434782609,12.1739130434783,5.21739130434783,0.869565217391304,0,73.9130434782609,5.21739130434783,17,5,9,0,"MBSS.2005.Bugs","COASTAL",5,1,3,1,3,3,3,0,0,0,0,0,0,19,2.71428571428571
"LOGU-211-R-2016","EPIEDMONT","MBSS.2005.Bugs",123,22,9,5,14,3,24,75,66,3,11,11,80,13,11.3821138211382,19.5121951219512,60.9756097560976,53.6585365853659,2.4390243902439,8.94308943089431,8.94308943089431,65.0406504065041,10.5691056910569,11,6,14,4,"MBSS.2005.Bugs","EPIEDMONT",3,3,5,1,0,0,0,3,3,0,0,0,0,18,3
"LOGU-301-R-2016","EPIEDMONT","MBSS.2005.Bugs",128,18,4,2,13,1,3,107,23,3,3,13,107,14,10.15625,2.34375,83.59375,17.96875,2.34375,2.34375,10.15625,83.59375,10.9375,12,3,7,1,"MBSS.2005.Bugs","EPIEDMONT",3,1,3,1,0,0,0,1,1,0,0,0,0,10,1.66666666666667
"LOGU-305-R-2016","EPIEDMONT","MBSS.2005.Bugs",110,24,3,1,1,1,19,90,24,21,2,1,90,13,0.909090909090909,17.2727272727273,81.8181818181818,21.8181818181818,19.0909090909091,1.81818181818182,0.909090909090909,81.8181818181818,11.8181818181818,17,4,7,0,"MBSS.2005.Bugs","EPIEDMONT",3,1,1,1,0,0,0,1,1,0,0,0,0,8,1.33333333333333
"LOPC-101-R-2016","COASTAL","MBSS.2005.Bugs",127,13,0,0,0,0,1,12,1,1,0,1,13,9,0,0.78740157480315,9.44881889763779,0.78740157480315,0.78740157480315,0,0.78740157480315,10.2362204724409,7.08661417322835,7,4,8,0,"MBSS.2005.Bugs","COASTAL",1,1,1,1,1,1,1,0,0,0,0,0,0,7,1
"LOPC-107-R-2016","COASTAL","MBSS.2005.Bugs",125,4,0,0,0,0,0,1,0,0,0,0,1,96,0,0,0.8,0,0,0,0,0.8,76.8,1,2,3,0,"MBSS.2005.Bugs","COASTAL",1,1,1,5,1,1,1,0,0,0,0,0,0,11,1.57142857142857
"LOPC-108-R-2016","COASTAL","MBSS.2005.Bugs",141,5,0,0,0,0,0,1,0,0,0,0,3,129,0,0,0.709219858156028,0,0,0,0,2.12765957446809,91.4893617021277,2,1,2,0,"MBSS.2005.Bugs","COASTAL",1,1,1,5,1,1,1,0,0,0,0,0,0,11,1.57142857142857
"LOPC-110-R-2016","COASTAL","MBSS.2005.Bugs",106,24,0,0,0,2,7,93,16,6,3,1,94,11,0,6.60377358490566,87.7358490566038,15.0943396226415,5.66037735849057,2.83018867924528,0.943396226415094,88.6792452830189,10.377358490566,18,3,6,0,"MBSS.2005.Bugs","COASTAL",5,1,1,3,1,5,3,0,0,0,0,0,0,19,2.71428571428571
"LPAX-290-X-2016","EPIEDMONT","MBSS.2005.Bugs",109,26,2,0,0,4,3,79,32,3,30,0,82,0,0,2.75229357798165,72.4770642201835,29.3577981651376,2.75229357798165,27.5229357798165,0,75.2293577981651,0,15,0,0,0,"MBSS.2005.Bugs","EPIEDMONT",5,1,1,1,0,0,0,1,1,0,0,0,0,10,1.66666666666667
"LPAX-294-X-2016","EPIEDMONT","MBSS.2005.Bugs",117,17,4,0,0,3,8,66,46,4,11,0,69,5,0,6.83760683760684,56.4102564102564,39.3162393162393,3.41880341880342,9.4017094017094,0,58.974358974359,4.27350427350427,10,1,2,1,"MBSS.2005.Bugs","EPIEDMONT",3,1,1,1,0,0,0,3,3,0,0,0,0,12,2
"LWIN-108-X-2016","EPIEDMONT","MBSS.2005.Bugs",120,28,8,1,1,5,24,53,83,2,8,1,58,35,0.833333333333333,20,44.1666666666667,69.1666666666667,1.66666666666667,6.66666666666667,0.833333333333333,48.3333333333333,29.1666666666667,14,4,9,4,"MBSS.2005.Bugs","EPIEDMONT",5,3,1,3,0,0,0,3,3,0,0,0,0,18,3
"MATT-033-S-2016","COASTAL","MBSS.2005.Bugs",114,22,10,2,34,1,4,15,61,2,8,1,18,47,29.8245614035088,3.50877192982456,13.1578947368421,53.5087719298246,1.75438596491228,7.01754385964912,0.87719298245614,15.7894736842105,41.2280701754386,10,8,15,6,"MBSS.2005.Bugs","COASTAL",5,5,5,5,5,3,3,0,0,0,0,0,0,31,4.42857142857143
"MICR-202-R-2016","COASTAL","MBSS.2005.Bugs",141,21,4,0,0,2,31,71,119,3,7,0,75,1,0,21.9858156028369,50.354609929078,84.3971631205674,2.12765957446809,4.9645390070922,0,53.1914893617021,0.709219858156028,11,1,3,1,"MBSS.2005.Bugs","COASTAL",3,3,1,1,1,5,5,0,0,0,0,0,0,19,2.71428571428571
"MICR-207-R-2016","COASTAL","MBSS.2005.Bugs",108,16,1,0,0,1,12,55,49,13,4,1,55,3,0,11.1111111111111,50.9259259259259,45.3703703703704,12.037037037037,3.7037037037037,0.925925925925926,50.9259259259259,2.77777777777778,9,2,3,0,"MBSS.2005.Bugs","COASTAL",3,1,1,1,1,3,5,0,0,0,0,0,0,15,2.14285714285714
"MICR-208-R-2016","COASTAL","MBSS.2005.Bugs",115,32,3,2,7,2,20,83,40,14,6,3,91,13,6.08695652173913,17.3913043478261,72.1739130434783,34.7826086956522,12.1739130434783,5.21739130434783,2.60869565217391,79.1304347826087,11.304347826087,22,7,14,1,"MBSS.2005.Bugs","COASTAL",5,3,5,3,3,5,5,0,0,0,0,0,0,29,4.14285714285714
"MPAX-104-R-2016","EPIEDMONT","MBSS.2005.Bugs",133,30,6,1,1,4,16,66,30,9,10,0,100,43,0.75187969924812,12.0300751879699,49.6240601503759,22.5563909774436,6.76691729323308,7.5187969924812,0,75.187969924812,32.3308270676692,19,8,13,3,"MBSS.2005.Bugs","EPIEDMONT",5,3,1,3,0,0,0,3,1,0,0,0,0,16,2.66666666666667
"MPAX-313-R-2016","EPIEDMONT","MBSS.2005.Bugs",122,22,8,2,10,5,3,62,60,3,20,0,67,19,8.19672131147541,2.45901639344262,50.8196721311475,49.1803278688525,2.45901639344262,16.3934426229508,0,54.9180327868852,15.5737704918033,12,8,15,4,"MBSS.2005.Bugs","EPIEDMONT",3,3,3,3,0,0,0,3,3,0,0,0,0,18,3
"MPAX-411-R-2016","EPIEDMONT","MBSS.2005.Bugs",118,23,9,3,14,5,0,16,105,1,16,10,27,17,11.864406779661,0,13.5593220338983,88.9830508474576,0.847457627118644,13.5593220338983,8.47457627118644,22.8813559322034,14.4067796610169,11,3,5,6,"MBSS.2005.Bugs","EPIEDMONT",3,3,3,3,0,0,0,5,5,0,0,0,0,22,3.66666666666667
"NANJ-331-S-2016","COASTAL","MBSS.2005.Bugs",114,25,9,4,46,6,2,16,89,1,15,45,22,80,40.3508771929825,1.75438596491228,14.0350877192982,78.0701754385965,0.87719298245614,13.1578947368421,39.4736842105263,19.2982456140351,70.1754385964912,9,9,14,7,"MBSS.2005.Bugs","COASTAL",5,5,5,5,5,5,3,0,0,0,0,0,0,33,4.71428571428571
"NANT-104-R-2016","COASTAL","MBSS.2005.Bugs",138,20,1,0,0,3,23,18,19,0,17,4,19,12,0,16.6666666666667,13.0434782608696,13.768115942029,0,12.3188405797101,2.89855072463768,13.768115942029,8.69565217391304,5,2,4,0,"MBSS.2005.Bugs","COASTAL",3,1,1,1,1,5,5,0,0,0,0,0,0,17,2.42857142857143
"NANT-109-R-2016","COASTAL","MBSS.2005.Bugs",134,17,1,1,1,1,11,79,34,0,2,12,80,7,0.746268656716418,8.2089552238806,58.955223880597,25.3731343283582,0,1.49253731343284,8.95522388059701,59.7014925373134,5.22388059701492,10,3,6,1,"MBSS.2005.Bugs","COASTAL",3,1,3,1,1,3,5,0,0,0,0,0,0,17,2.42857142857143
"NANT-111-R-2016","COASTAL","MBSS.2005.Bugs",133,18,1,0,0,1,9,22,6,5,1,4,23,64,0,6.76691729323308,16.5413533834586,4.51127819548872,3.7593984962406,0.75187969924812,3.00751879699248,17.2932330827068,48.1203007518797,11,1,1,0,"MBSS.2005.Bugs","COASTAL",3,1,1,5,1,3,3,0,0,0,0,0,0,17,2.42857142857143
"NANT-AJD-R-2016","COASTAL","MBSS.2005.Bugs",131,17,1,0,0,2,45,31,20,0,30,4,32,20,0,34.3511450381679,23.6641221374046,15.2671755725191,0,22.9007633587786,3.05343511450382,24.4274809160305,15.2671755725191,5,2,3,0,"MBSS.2005.Bugs","COASTAL",3,1,1,3,1,5,5,0,0,0,0,0,0,19,2.71428571428571
"NASS-108-S-2016","COASTAL","MBSS.2005.Bugs",124,11,1,0,0,0,3,16,9,0,0,2,17,96,0,2.41935483870968,12.9032258064516,7.25806451612903,0,0,1.61290322580645,13.7096774193548,77.4193548387097,4,4,5,1,"MBSS.2005.Bugs","COASTAL",1,1,1,5,1,1,3,0,0,0,0,0,0,13,1.85714285714286
"NASS-302-S-2016","COASTAL","MBSS.2005.Bugs",96,27,4,2,15,2,32,48,23,12,3,18,50,18,15.625,33.3333333333333,50,23.9583333333333,12.5,3.125,18.75,52.0833333333333,18.75,16,6,11,2,"MBSS.2005.Bugs","COASTAL",5,3,5,3,5,5,5,0,0,0,0,0,0,31,4.42857142857143
"NEAS-204-R-2016","EPIEDMONT","MBSS.2005.Bugs",115,21,4,1,2,5,6,80,40,4,14,0,83,4,1.73913043478261,5.21739130434783,69.5652173913043,34.7826086956522,3.47826086956522,12.1739130434783,0,72.1739130434783,3.47826086956522,12,3,4,2,"MBSS.2005.Bugs","EPIEDMONT",3,1,1,1,0,0,0,1,3,0,0,0,0,10,1.66666666666667
"NEAS-205-R-2016","EPIEDMONT","MBSS.2005.Bugs",110,22,4,2,5,4,10,95,29,10,13,1,96,6,4.54545454545455,9.09090909090909,86.3636363636364,26.3636363636364,9.09090909090909,11.8181818181818,0.909090909090909,87.2727272727273,5.45454545454545,15,3,8,3,"MBSS.2005.Bugs","EPIEDMONT",3,1,3,1,0,0,0,1,1,0,0,0,0,10,1.66666666666667
"NEAS-207-R-2016","EPIEDMONT","MBSS.2005.Bugs",112,20,11,5,17,1,8,32,82,0,2,14,83,14,15.1785714285714,7.14285714285714,28.5714285714286,73.2142857142857,0,1.78571428571429,12.5,74.1071428571429,12.5,8,7,14,7,"MBSS.2005.Bugs","EPIEDMONT",3,5,5,3,0,0,0,3,3,0,0,0,0,22,3.66666666666667
"PATL-112-X-2016","EPIEDMONT","MBSS.2005.Bugs",122,21,7,2,2,5,0,38,80,0,14,1,62,14,1.63934426229508,0,31.1475409836066,65.5737704918033,0,11.4754098360656,0.819672131147541,50.8196721311475,11.4754098360656,11,5,8,5,"MBSS.2005.Bugs","EPIEDMONT",3,3,3,1,0,0,0,3,3,0,0,0,0,16,2.66666666666667
"PATL-209-X-2016","EPIEDMONT","MBSS.2005.Bugs",127,26,9,3,8,1,8,58,59,4,1,8,61,17,6.2992125984252,6.2992125984252,45.6692913385827,46.4566929133858,3.1496062992126,0.78740157480315,6.2992125984252,48.0314960629921,13.3858267716535,12,5,8,4,"MBSS.2005.Bugs","EPIEDMONT",5,3,3,3,0,0,0,3,3,0,0,0,0,20,3.33333333333333
"PATL-213-X-2016","EPIEDMONT","MBSS.2005.Bugs",116,21,8,2,5,1,3,34,44,3,1,4,39,11,4.31034482758621,2.58620689655172,29.3103448275862,37.9310344827586,2.58620689655172,0.862068965517241,3.44827586206897,33.6206896551724,9.48275862068965,10,7,12,6,"MBSS.2005.Bugs","EPIEDMONT",3,3,3,1,0,0,0,3,3,0,0,0,0,16,2.66666666666667
"PATL-288-X-2016","EPIEDMONT","MBSS.2005.Bugs",122,13,3,0,0,2,0,92,30,4,14,0,95,0,0,0,75.4098360655738,24.5901639344262,3.27868852459016,11.4754098360656,0,77.8688524590164,0,9,0,0,1,"MBSS.2005.Bugs","EPIEDMONT",1,1,1,1,0,0,0,1,1,0,0,0,0,6,1
"PATL-501-X-2016","EPIEDMONT","MBSS.2005.Bugs",114,31,9,3,6,5,0,51,50,2,16,2,55,8,5.26315789473684,0,44.7368421052632,43.859649122807,1.75438596491228,14.0350877192982,1.75438596491228,48.2456140350877,7.01754385964912,14,6,13,7,"MBSS.2005.Bugs","EPIEDMONT",5,3,3,1,0,0,0,3,3,0,0,0,0,18,3
"PATL-502-X-2016","EPIEDMONT","MBSS.2005.Bugs",129,21,9,2,3,5,15,82,27,0,24,1,85,10,2.32558139534884,11.6279069767442,63.5658914728682,20.9302325581395,0,18.6046511627907,0.775193798449612,65.8914728682171,7.75193798449612,8,7,14,4,"MBSS.2005.Bugs","EPIEDMONT",3,3,3,1,0,0,0,1,1,0,0,0,0,12,2
"PATL-504-X-2016","EPIEDMONT","MBSS.2005.Bugs",111,25,9,3,4,5,5,54,35,0,7,1,56,9,3.6036036036036,4.5045045045045,48.6486486486487,31.5315315315315,0,6.30630630630631,0.900900900900901,50.4504504504504,8.10810810810811,7,7,12,6,"MBSS.2005.Bugs","EPIEDMONT",5,3,3,1,0,0,0,3,3,0,0,0,0,18,3
"PATL-510-X-2016","EPIEDMONT","MBSS.2005.Bugs",124,25,8,1,1,7,22,41,54,1,24,0,54,11,0.806451612903226,17.741935483871,33.0645161290323,43.5483870967742,0.806451612903226,19.3548387096774,0,43.5483870967742,8.87096774193548,11,4,8,6,"MBSS.2005.Bugs","EPIEDMONT",5,3,1,1,0,0,0,3,3,0,0,0,0,16,2.66666666666667
"PATL-511-X-2016","EPIEDMONT","MBSS.2005.Bugs",109,32,12,3,4,5,14,34,58,5,17,2,42,19,3.6697247706422,12.8440366972477,31.1926605504587,53.2110091743119,4.58715596330275,15.5963302752294,1.8348623853211,38.5321100917431,17.4311926605505,12,13,24,8,"MBSS.2005.Bugs","EPIEDMONT",5,5,3,3,0,0,0,3,3,0,0,0,0,22,3.66666666666667
"PATL-515-X-2016","EPIEDMONT","MBSS.2005.Bugs",108,21,5,1,1,1,4,33,28,3,8,0,33,9,0.925925925925926,3.7037037037037,30.5555555555556,25.9259259259259,2.77777777777778,7.40740740740741,0,30.5555555555556,8.33333333333333,11,3,5,1,"MBSS.2005.Bugs","EPIEDMONT",3,3,1,1,0,0,0,3,1,0,0,0,0,12,2
"PATL-516-X-2016","EPIEDMONT","MBSS.2005.Bugs",111,24,7,2,5,4,7,42,38,3,7,0,42,9,4.5045045045045,6.30630630630631,37.8378378378378,34.2342342342342,2.7027027027027,6.30630630630631,0,37.8378378378378,8.10810810810811,11,5,11,4,"MBSS.2005.Bugs","EPIEDMONT",3,3,3,1,0,0,0,3,3,0,0,0,0,16,2.66666666666667
"PATL-517-X-2016","EPIEDMONT","MBSS.2005.Bugs",115,34,12,4,5,4,9,50,36,0,7,3,59,13,4.34782608695652,7.82608695652174,43.4782608695652,31.304347826087,0,6.08695652173913,2.60869565217391,51.304347826087,11.304347826087,12,9,18,9,"MBSS.2005.Bugs","EPIEDMONT",5,5,5,1,0,0,0,3,3,0,0,0,0,22,3.66666666666667
"PATL-B01-X-2016","COASTAL","MBSS.2005.Bugs",121,27,9,2,12,5,13,36,30,0,13,10,39,18,9.91735537190083,10.7438016528926,29.7520661157025,24.7933884297521,0,10.7438016528926,8.26446280991736,32.2314049586777,14.8760330578512,9,6,11,3,"MBSS.2005.Bugs","COASTAL",5,5,5,3,3,5,5,0,0,0,0,0,0,31,4.42857142857143
"PATL-B02-X-2016","COASTAL","MBSS.2005.Bugs",108,27,9,3,7,3,6,61,27,2,9,4,61,14,6.48148148148148,5.55555555555556,56.4814814814815,25,1.85185185185185,8.33333333333333,3.7037037037037,56.4814814814815,12.962962962963,15,9,14,4,"MBSS.2005.Bugs","COASTAL",5,5,5,3,3,5,3,0,0,0,0,0,0,29,4.14285714285714
"PATL-B04-X-2016","EPIEDMONT","MBSS.2005.Bugs",106,29,10,3,5,5,9,33,46,7,8,1,34,10,4.71698113207547,8.49056603773585,31.1320754716981,43.3962264150943,6.60377358490566,7.54716981132075,0.943396226415094,32.0754716981132,9.43396226415094,10,6,13,6,"MBSS.2005.Bugs","EPIEDMONT",5,3,3,1,0,0,0,3,3,0,0,0,0,18,3
"PATL-B05-X-2016","EPIEDMONT","MBSS.2005.Bugs",241,43,12,3,8,11,12,101,89,1,35,1,108,18,3.3195020746888,4.9792531120332,41.9087136929461,36.9294605809129,0.4149377593361,14.5228215767635,0.4149377593361,44.8132780082988,7.46887966804979,19,9,17,9,"MBSS.2005.Bugs","EPIEDMONT",5,5,3,1,0,0,0,3,3,0,0,0,0,20,3.33333333333333
"PATL-B06-X-2016","EPIEDMONT","MBSS.2005.Bugs",118,21,6,1,1,7,2,43,30,0,12,0,45,3,0.847457627118644,1.69491525423729,36.4406779661017,25.4237288135593,0,10.1694915254237,0,38.135593220339,2.54237288135593,8,3,4,3,"MBSS.2005.Bugs","EPIEDMONT",3,3,1,1,0,0,0,3,1,0,0,0,0,12,2
"PATL-B08-X-2016","EPIEDMONT","MBSS.2005.Bugs",113,20,3,1,5,5,1,91,17,0,16,0,93,6,4.42477876106195,0.884955752212389,80.5309734513274,15.0442477876106,0,14.1592920353982,0,82.3008849557522,5.30973451327434,10,3,6,1,"MBSS.2005.Bugs","EPIEDMONT",3,1,1,1,0,0,0,1,1,0,0,0,0,8,1.33333333333333
"PATL-B09-X-2016","EPIEDMONT","MBSS.2005.Bugs",127,20,4,0,0,5,7,99,19,1,28,0,107,2,0,5.51181102362205,77.9527559055118,14.9606299212598,0.78740157480315,22.0472440944882,0,84.251968503937,1.5748031496063,9,3,7,2,"MBSS.2005.Bugs","EPIEDMONT",3,1,1,1,0,0,0,1,1,0,0,0,0,8,1.33333333333333
"PATL-B10-X-2016","EPIEDMONT","MBSS.2005.Bugs",118,26,6,3,7,3,1,90,31,2,11,2,96,7,5.93220338983051,0.847457627118644,76.271186440678,26.271186440678,1.69491525423729,9.32203389830508,1.69491525423729,81.3559322033898,5.93220338983051,17,4,10,3,"MBSS.2005.Bugs","EPIEDMONT",5,3,3,1,0,0,0,1,1,0,0,0,0,14,2.33333333333333
"PATL-BAI-X-2016","EPIEDMONT","MBSS.2005.Bugs",130,23,5,0,0,4,2,93,31,0,18,0,100,4,0,1.53846153846154,71.5384615384615,23.8461538461538,0,13.8461538461538,0,76.9230769230769,3.07692307692308,13,4,9,3,"MBSS.2005.Bugs","EPIEDMONT",3,3,1,1,0,0,0,1,1,0,0,0,0,10,1.66666666666667
"PAXL-294-S-2016","COASTAL","MBSS.2005.Bugs",110,30,11,3,39,4,11,29,87,2,12,34,31,72,35.4545454545455,10,26.3636363636364,79.0909090909091,1.81818181818182,10.9090909090909,30.9090909090909,28.1818181818182,65.4545454545455,14,13,19,7,"MBSS.2005.Bugs","COASTAL",5,5,5,5,5,5,5,0,0,0,0,0,0,35,5
"PRFR-121-R-2016","HIGHLAND","MBSS.2005.Bugs",111,33,14,4,16,3,9,31,53,8,9,9,33,26,14.4144144144144,8.10810810810811,27.9279279279279,47.7477477477478,7.20720720720721,8.10810810810811,8.10810810810811,29.7297297297297,23.4234234234234,12,11,21,6,"MBSS.2005.Bugs","HIGHLAND",5,5,3,1,0,0,0,0,0,5,3,3,3,28,3.5
"PRFR-209-R-2016","HIGHLAND","MBSS.2005.Bugs",121,31,11,3,27,4,10,56,68,5,9,23,64,35,22.3140495867769,8.26446280991736,46.2809917355372,56.198347107438,4.13223140495868,7.43801652892562,19.0082644628099,52.8925619834711,28.9256198347107,16,12,21,7,"MBSS.2005.Bugs","HIGHLAND",5,3,3,1,0,0,0,0,0,5,3,5,1,26,3.25
"PRFR-241-R-2016","HIGHLAND","MBSS.2005.Bugs",120,32,14,3,36,2,6,37,81,2,2,36,43,51,30,5,30.8333333333333,67.5,1.66666666666667,1.66666666666667,30,35.8333333333333,42.5,15,10,21,10,"MBSS.2005.Bugs","HIGHLAND",5,5,3,3,0,0,0,0,0,3,1,5,3,28,3.5
"PRLN-104-R-2016","HIGHLAND","MBSS.2005.Bugs",117,20,11,3,9,2,2,14,79,0,7,7,29,100,7.69230769230769,1.70940170940171,11.965811965812,67.5213675213675,0,5.98290598290598,5.98290598290598,24.7863247863248,85.4700854700855,7,12,21,8,"MBSS.2005.Bugs","HIGHLAND",3,3,3,5,0,0,0,0,0,1,3,3,5,26,3.25
"PRLN-218-R-2016","HIGHLAND","MBSS.2005.Bugs",108,24,16,5,27,2,0,10,92,0,17,10,53,95,25,0,9.25925925925926,85.1851851851852,0,15.7407407407407,9.25925925925926,49.0740740740741,87.962962962963,7,19,36,14,"MBSS.2005.Bugs","HIGHLAND",5,5,5,5,0,0,0,0,0,1,5,3,3,32,4
"PRLN-626-S-2016","HIGHLAND","MBSS.2005.Bugs",118,25,20,6,39,3,15,8,111,7,23,19,28,101,33.0508474576271,12.7118644067797,6.77966101694915,94.0677966101695,5.93220338983051,19.4915254237288,16.1016949152542,23.728813559322,85.5932203389831,5,19,37,14,"MBSS.2005.Bugs","HIGHLAND",5,5,5,5,0,0,0,0,0,5,5,3,5,38,4.75
"PRLN-FBF-S-2016","HIGHLAND","MBSS.2005.Bugs",123,23,17,6,69,4,11,7,116,6,53,19,21,111,56.0975609756098,8.94308943089431,5.69105691056911,94.3089430894309,4.8780487804878,43.0894308943089,15.4471544715447,17.0731707317073,90.2439024390244,6,16,33,12,"MBSS.2005.Bugs","HIGHLAND",3,5,5,5,0,0,0,0,0,5,5,3,5,36,4.5
"PRMO-004-X-2016","HIGHLAND","MBSS.2005.Bugs",119,3,0,0,0,0,0,8,0,0,0,101,119,0,0,0,6.72268907563025,0,0,0,84.8739495798319,100,0,3,0,0,0,"MBSS.2005.Bugs","HIGHLAND",1,1,1,1,0,0,0,0,0,1,1,5,1,12,1.5
"PRMO-110-R-2016","HIGHLAND","MBSS.2005.Bugs",123,19,8,2,2,4,0,7,117,0,14,1,98,100,1.6260162601626,0,5.69105691056911,95.1219512195122,0,11.3821138211382,0.813008130081301,79.6747967479675,81.3008130081301,9,6,12,5,"MBSS.2005.Bugs","HIGHLAND",3,3,1,5,0,0,0,0,0,1,3,1,1,18,2.25
"PRMO-201-X-2016","HIGHLAND","MBSS.2005.Bugs",118,24,6,2,10,2,8,68,39,4,3,3,70,10,8.47457627118644,6.77966101694915,57.6271186440678,33.0508474576271,3.38983050847458,2.54237288135593,2.54237288135593,59.3220338983051,8.47457627118644,14,2,4,1,"MBSS.2005.Bugs","HIGHLAND",5,1,1,1,0,0,0,0,0,3,1,1,1,14,1.75
"PRMO-202-X-2016","HIGHLAND","MBSS.2005.Bugs",124,25,6,0,0,4,0,30,91,0,9,0,35,4,0,0,24.1935483870968,73.3870967741936,0,7.25806451612903,0,28.2258064516129,3.2258064516129,15,4,6,4,"MBSS.2005.Bugs","HIGHLAND",5,1,1,1,0,0,0,0,0,1,3,1,3,16,2
"PRMO-203-X-2016","HIGHLAND","MBSS.2005.Bugs",119,27,7,3,7,5,9,79,31,3,9,5,82,7,5.88235294117647,7.56302521008403,66.3865546218487,26.0504201680672,2.52100840336134,7.56302521008403,4.20168067226891,68.9075630252101,5.88235294117647,13,3,6,2,"MBSS.2005.Bugs","HIGHLAND",5,1,3,1,0,0,0,0,0,3,3,3,1,20,2.5
"PRMO-205-X-2016","HIGHLAND","MBSS.2005.Bugs",124,31,12,3,8,7,6,57,59,1,19,4,57,23,6.45161290322581,4.83870967741935,45.9677419354839,47.5806451612903,0.806451612903226,15.3225806451613,3.2258064516129,45.9677419354839,18.5483870967742,12,5,10,6,"MBSS.2005.Bugs","HIGHLAND",5,3,3,1,0,0,0,0,0,3,5,3,3,26,3.25
"PRMO-206-X-2016","HIGHLAND","MBSS.2005.Bugs",116,24,9,3,5,6,1,15,57,0,26,2,19,21,4.31034482758621,0.862068965517241,12.9310344827586,49.1379310344828,0,22.4137931034483,1.72413793103448,16.3793103448276,18.1034482758621,9,6,10,5,"MBSS.2005.Bugs","HIGHLAND",5,3,3,1,0,0,0,0,0,1,5,1,5,24,3
"PRMO-207-X-2016","HIGHLAND","MBSS.2005.Bugs",119,15,6,1,1,2,0,34,55,2,7,0,36,24,0.840336134453782,0,28.5714285714286,46.218487394958,1.68067226890756,5.88235294117647,0,30.2521008403361,20.1680672268908,7,2,4,4,"MBSS.2005.Bugs","HIGHLAND",3,1,1,1,0,0,0,0,0,3,3,1,3,16,2
"PRMO-208-X-2016","HIGHLAND","MBSS.2005.Bugs",125,28,10,2,4,4,4,84,29,0,6,3,87,9,3.2,3.2,67.2,23.2,0,4.8,2.4,69.6,7.2,11,7,12,3,"MBSS.2005.Bugs","HIGHLAND",5,3,1,1,0,0,0,0,0,1,3,1,1,16,2
"PRMO-222-R-2016","HIGHLAND","MBSS.2005.Bugs",113,32,4,1,1,4,27,79,36,26,9,1,80,8,0.884955752212389,23.8938053097345,69.9115044247788,31.858407079646,23.0088495575221,7.9646017699115,0.884955752212389,70.7964601769911,7.07964601769912,16,5,10,5,"MBSS.2005.Bugs","HIGHLAND",5,1,1,1,0,0,0,0,0,5,3,1,1,18,2.25
"PRMO-313-R-2016","HIGHLAND","MBSS.2005.Bugs",108,18,9,2,32,1,36,40,19,0,1,31,43,47,29.6296296296296,33.3333333333333,37.037037037037,17.5925925925926,0,0.925925925925926,28.7037037037037,39.8148148148148,43.5185185185185,6,7,13,5,"MBSS.2005.Bugs","HIGHLAND",3,3,1,3,0,0,0,0,0,1,1,5,3,20,2.5
"PRMT-177-S-2016","COASTAL","MBSS.2005.Bugs",131,18,6,2,3,2,36,61,103,2,3,1,71,15,2.29007633587786,27.4809160305344,46.5648854961832,78.6259541984733,1.52671755725191,2.29007633587786,0.763358778625954,54.1984732824427,11.4503816793893,10,6,8,3,"MBSS.2005.Bugs","COASTAL",3,5,5,3,3,5,5,0,0,0,0,0,0,29,4.14285714285714
"PRUN-101-X-2016","HIGHLAND","MBSS.2005.Bugs",116,21,13,4,31,2,8,8,104,3,27,4,13,109,26.7241379310345,6.89655172413793,6.89655172413793,89.6551724137931,2.58620689655172,23.2758620689655,3.44827586206897,11.2068965517241,93.9655172413793,8,15,28,9,"MBSS.2005.Bugs","HIGHLAND",3,3,3,5,0,0,0,0,0,3,5,3,5,30,3.75
"PRUN-201-X-2016","HIGHLAND","MBSS.2005.Bugs",119,18,6,0,0,0,3,45,71,0,0,0,53,68,0,2.52100840336134,37.8151260504202,59.6638655462185,0,0,0,44.5378151260504,57.1428571428571,11,8,16,4,"MBSS.2005.Bugs","HIGHLAND",3,1,1,3,0,0,0,0,0,1,1,1,3,14,1.75
"PRUN-202-X-2016","HIGHLAND","MBSS.2005.Bugs",108,22,12,0,0,0,7,17,85,0,0,0,24,85,0,6.48148148148148,15.7407407407407,78.7037037037037,0,0,0,22.2222222222222,78.7037037037037,9,13,23,7,"MBSS.2005.Bugs","HIGHLAND",3,3,1,3,0,0,0,0,0,1,1,1,5,18,2.25
"PRUN-306-R-2016","HIGHLAND","MBSS.2005.Bugs",118,23,18,8,45,4,23,19,101,19,31,14,21,101,38.135593220339,19.4915254237288,16.1016949152542,85.5932203389831,16.1016949152542,26.271186440678,11.864406779661,17.7966101694915,85.5932203389831,4,18,35,11,"MBSS.2005.Bugs","HIGHLAND",3,5,5,5,0,0,0,0,0,5,5,3,5,36,4.5
"PTOB-002-S-2016","COASTAL","MBSS.2005.Bugs",128,20,13,4,12,5,1,0,124,0,12,11,21,105,9.375,0.78125,0,96.875,0,9.375,8.59375,16.40625,82.03125,3,12,23,10,"MBSS.2005.Bugs","COASTAL",3,5,5,5,3,5,1,0,0,0,0,0,0,27,3.85714285714286
"RKGR-101-R-2016","EPIEDMONT","MBSS.2005.Bugs",123,24,14,3,26,5,3,5,117,0,15,23,19,61,21.1382113821138,2.4390243902439,4.0650406504065,95.1219512195122,0,12.1951219512195,18.6991869918699,15.4471544715447,49.5934959349593,6,14,23,11,"MBSS.2005.Bugs","EPIEDMONT",3,5,3,3,0,0,0,5,5,0,0,0,0,24,4
"RKGR-107-R-2016","EPIEDMONT","MBSS.2005.Bugs",127,32,16,6,32,3,7,26,96,2,16,25,43,55,25.1968503937008,5.51181102362205,20.4724409448819,75.5905511811024,1.5748031496063,12.5984251968504,19.6850393700787,33.8582677165354,43.3070866141732,16,15,25,9,"MBSS.2005.Bugs","EPIEDMONT",5,5,5,3,0,0,0,5,5,0,0,0,0,28,4.66666666666667
"RKGR-119-S-2016","EPIEDMONT","MBSS.2005.Bugs",125,19,11,3,48,3,2,3,120,0,11,46,51,107,38.4,1.6,2.4,96,0,8.8,36.8,40.8,85.6,7,10,17,8,"MBSS.2005.Bugs","EPIEDMONT",3,5,3,5,0,0,0,5,5,0,0,0,0,26,4.33333333333333
"RKGR-405-R-2016","EPIEDMONT","MBSS.2005.Bugs",117,26,6,3,13,5,1,33,77,3,16,2,38,18,11.1111111111111,0.854700854700855,28.2051282051282,65.8119658119658,2.56410256410256,13.6752136752137,1.70940170940171,32.4786324786325,15.3846153846154,14,7,12,3,"MBSS.2005.Bugs","EPIEDMONT",5,3,3,3,0,0,0,3,3,0,0,0,0,20,3.33333333333333
"RKGR-AJG-R-2016","EPIEDMONT","MBSS.2005.Bugs",115,34,14,6,14,3,7,42,75,5,7,11,56,30,12.1739130434783,6.08695652173913,36.5217391304348,65.2173913043478,4.34782608695652,6.08695652173913,9.56521739130435,48.695652173913,26.0869565217391,17,13,23,8,"MBSS.2005.Bugs","EPIEDMONT",5,5,5,3,0,0,0,3,3,0,0,0,0,24,4
"SAVA-105-R-2016","HIGHLAND","MBSS.2005.Bugs",127,28,13,4,34,2,5,22,87,3,5,30,30,89,26.7716535433071,3.93700787401575,17.3228346456693,68.503937007874,2.36220472440945,3.93700787401575,23.6220472440945,23.6220472440945,70.0787401574803,11,17,33,9,"MBSS.2005.Bugs","HIGHLAND",5,3,3,3,0,0,0,0,0,3,3,5,5,30,3.75
"SAVA-116-R-2016","HIGHLAND","MBSS.2005.Bugs",127,25,17,4,38,3,3,8,109,2,29,11,20,109,29.9212598425197,2.36220472440945,6.2992125984252,85.8267716535433,1.5748031496063,22.8346456692913,8.66141732283465,15.748031496063,85.8267716535433,7,18,32,14,"MBSS.2005.Bugs","HIGHLAND",5,5,3,5,0,0,0,0,0,3,5,3,5,34,4.25
"SAVA-118-R-2016","HIGHLAND","MBSS.2005.Bugs",121,25,16,6,54,4,7,16,99,8,24,32,20,110,44.6280991735537,5.78512396694215,13.2231404958678,81.8181818181818,6.61157024793388,19.8347107438017,26.4462809917355,16.5289256198347,90.9090909090909,6,19,35,12,"MBSS.2005.Bugs","HIGHLAND",5,5,5,5,0,0,0,0,0,5,5,5,5,40,5
"SAVA-119-R-2016","HIGHLAND","MBSS.2005.Bugs",129,27,19,5,29,2,33,30,90,26,21,15,38,117,22.4806201550388,25.5813953488372,23.2558139534884,69.7674418604651,20.1550387596899,16.2790697674419,11.6279069767442,29.4573643410853,90.6976744186046,6,20,37,13,"MBSS.2005.Bugs","HIGHLAND",5,5,5,5,0,0,0,0,0,5,5,3,3,36,4.5
"SAVA-204-S-2016","HIGHLAND","MBSS.2005.Bugs",116,21,13,6,79,2,10,12,102,2,49,31,21,94,68.1034482758621,8.62068965517241,10.3448275862069,87.9310344827586,1.72413793103448,42.2413793103448,26.7241379310345,18.1034482758621,81.0344827586207,7,13,28,9,"MBSS.2005.Bugs","HIGHLAND",3,3,5,5,0,0,0,0,0,3,5,5,5,34,4.25
"SAVA-214-R-2016","HIGHLAND","MBSS.2005.Bugs",129,26,16,4,48,2,5,9,117,3,42,6,20,114,37.2093023255814,3.87596899224806,6.97674418604651,90.6976744186046,2.32558139534884,32.5581395348837,4.65116279069767,15.5038759689922,88.3720930232558,8,19,37,12,"MBSS.2005.Bugs","HIGHLAND",5,5,3,5,0,0,0,0,0,3,5,3,5,34,4.25
"SAVA-225-S-2016","HIGHLAND","MBSS.2005.Bugs",113,21,15,7,70,2,7,5,108,0,18,52,17,90,61.9469026548673,6.19469026548673,4.42477876106195,95.5752212389381,0,15.929203539823,46.0176991150442,15.0442477876106,79.646017699115,6,13,28,11,"MBSS.2005.Bugs","HIGHLAND",3,5,5,3,0,0,0,0,0,1,5,5,5,32,4
"SAVA-276-S-2016","HIGHLAND","MBSS.2005.Bugs",119,18,13,5,51,1,2,3,71,0,16,34,5,69,42.8571428571429,1.68067226890756,2.52100840336134,59.6638655462185,0,13.4453781512605,28.5714285714286,4.20168067226891,57.9831932773109,4,13,26,10,"MBSS.2005.Bugs","HIGHLAND",3,3,5,3,0,0,0,0,0,1,5,5,5,30,3.75
"SAVA-AAI-R-2016","HIGHLAND","MBSS.2005.Bugs",122,30,17,4,26,4,25,23,91,19,21,9,32,112,21.3114754098361,20.4918032786885,18.8524590163934,74.5901639344262,15.5737704918033,17.2131147540984,7.37704918032787,26.2295081967213,91.8032786885246,11,21,41,13,"MBSS.2005.Bugs","HIGHLAND",5,5,3,5,0,0,0,0,0,5,5,3,3,34,4.25
"SBPA-108-X-2016","EPIEDMONT","MBSS.2005.Bugs",120,20,8,1,1,3,4,28,89,0,6,1,34,6,0.833333333333333,3.33333333333333,23.3333333333333,74.1666666666667,0,5,0.833333333333333,28.3333333333333,5,9,3,7,5,"MBSS.2005.Bugs","EPIEDMONT",3,3,1,1,0,0,0,5,5,0,0,0,0,18,3
"SBPA-201-X-2016","EPIEDMONT","MBSS.2005.Bugs",121,18,6,1,1,3,1,39,79,1,6,1,49,5,0.826446280991736,0.826446280991736,32.2314049586777,65.2892561983471,0.826446280991736,4.95867768595041,0.826446280991736,40.495867768595,4.13223140495868,8,2,4,3,"MBSS.2005.Bugs","EPIEDMONT",3,3,1,1,0,0,0,3,3,0,0,0,0,14,2.33333333333333
"SBPA-204-X-2016","EPIEDMONT","MBSS.2005.Bugs",124,28,6,0,0,1,5,78,41,3,1,1,83,9,0,4.03225806451613,62.9032258064516,33.0645161290323,2.41935483870968,0.806451612903226,0.806451612903226,66.9354838709677,7.25806451612903,15,7,14,3,"MBSS.2005.Bugs","EPIEDMONT",5,3,1,1,0,0,0,3,3,0,0,0,0,16,2.66666666666667
"SBPA-205-X-2016","EPIEDMONT","MBSS.2005.Bugs",118,22,5,1,9,2,1,48,67,1,10,0,58,14,7.6271186440678,0.847457627118644,40.6779661016949,56.7796610169492,0.847457627118644,8.47457627118644,0,49.1525423728814,11.864406779661,12,4,7,4,"MBSS.2005.Bugs","EPIEDMONT",3,3,1,1,0,0,0,3,3,0,0,0,0,14,2.33333333333333
"SBPA-206-X-2016","EPIEDMONT","MBSS.2005.Bugs",117,22,6,2,2,2,5,62,56,3,2,1,77,4,1.70940170940171,4.27350427350427,52.991452991453,47.8632478632479,2.56410256410256,1.70940170940171,0.854700854700855,65.8119658119658,3.41880341880342,10,3,5,3,"MBSS.2005.Bugs","EPIEDMONT",3,3,3,1,0,0,0,3,3,0,0,0,0,16,2.66666666666667
"SBPA-207-X-2016","EPIEDMONT","MBSS.2005.Bugs",109,21,7,1,1,3,2,43,61,2,13,1,50,9,0.917431192660551,1.8348623853211,39.4495412844037,55.9633027522936,1.8348623853211,11.9266055045872,0.917431192660551,45.8715596330275,8.25688073394496,10,4,6,1,"MBSS.2005.Bugs","EPIEDMONT",3,3,1,1,0,0,0,3,3,0,0,0,0,14,2.33333333333333
"SBPA-302-X-2016","EPIEDMONT","MBSS.2005.Bugs",106,26,8,1,1,5,2,44,64,3,5,1,67,7,0.943396226415094,1.88679245283019,41.5094339622642,60.377358490566,2.83018867924528,4.71698113207547,0.943396226415094,63.2075471698113,6.60377358490566,13,4,9,6,"MBSS.2005.Bugs","EPIEDMONT",5,3,1,1,0,0,0,3,3,0,0,0,0,16,2.66666666666667
"SBPA-303-X-2016","EPIEDMONT","MBSS.2005.Bugs",110,23,6,0,0,3,2,45,73,5,4,0,58,9,0,1.81818181818182,40.9090909090909,66.3636363636364,4.54545454545455,3.63636363636364,0,52.7272727272727,8.18181818181818,14,3,5,3,"MBSS.2005.Bugs","EPIEDMONT",3,3,1,1,0,0,0,3,3,0,0,0,0,14,2.33333333333333
"SOUT-101-R-2016","COASTAL","MBSS.2005.Bugs",111,31,5,0,0,0,30,52,74,9,0,1,55,43,0,27.027027027027,46.8468468468468,66.6666666666667,8.10810810810811,0,0.900900900900901,49.5495495495495,38.7387387387387,18,8,15,1,"MBSS.2005.Bugs","COASTAL",5,5,1,5,1,1,5,0,0,0,0,0,0,23,3.28571428571429
"SOUT-105-R-2016","COASTAL","MBSS.2005.Bugs",97,14,1,0,0,0,20,54,39,0,0,0,85,2,0,20.6185567010309,55.6701030927835,40.2061855670103,0,0,0,87.6288659793814,2.06185567010309,10,2,3,1,"MBSS.2005.Bugs","COASTAL",3,1,1,1,1,1,5,0,0,0,0,0,0,13,1.85714285714286
"STCL-051-S-2016","COASTAL","MBSS.2005.Bugs",124,24,12,4,47,4,10,18,111,2,22,43,26,87,37.9032258064516,8.06451612903226,14.5161290322581,89.5161290322581,1.61290322580645,17.741935483871,34.6774193548387,20.9677419354839,70.1612903225807,9,14,22,8,"MBSS.2005.Bugs","COASTAL",5,5,5,5,5,5,5,0,0,0,0,0,0,35,5
"SWAN-202-R-2016","COASTAL","MBSS.2005.Bugs",125,14,3,0,0,1,8,97,38,6,1,0,100,1,0,6.4,77.6,30.4,4.8,0.8,0,80,0.8,11,1,2,1,"MBSS.2005.Bugs","COASTAL",3,3,1,1,1,3,3,0,0,0,0,0,0,15,2.14285714285714
"TOWN-104-R-2016","HIGHLAND","MBSS.2005.Bugs",118,18,11,2,7,1,5,8,106,1,1,7,65,110,5.93220338983051,4.23728813559322,6.77966101694915,89.8305084745763,0.847457627118644,0.847457627118644,5.93220338983051,55.0847457627119,93.2203389830508,7,15,26,9,"MBSS.2005.Bugs","HIGHLAND",3,3,1,5,0,0,0,0,0,3,1,3,1,20,2.5
"TOWN-201-R-2016","HIGHLAND","MBSS.2005.Bugs",106,19,6,0,0,2,5,22,74,1,2,0,82,73,0,4.71698113207547,20.7547169811321,69.811320754717,0.943396226415094,1.88679245283019,0,77.3584905660377,68.8679245283019,8,8,14,6,"MBSS.2005.Bugs","HIGHLAND",3,1,1,3,0,0,0,0,0,3,1,1,1,14,1.75
"TOWN-417-R-2016","HIGHLAND","MBSS.2005.Bugs",118,38,16,11,40,11,17,16,91,7,53,5,24,41,33.8983050847458,14.4067796610169,13.5593220338983,77.1186440677966,5.93220338983051,44.9152542372881,4.23728813559322,20.3389830508475,34.7457627118644,11,14,30,10,"MBSS.2005.Bugs","HIGHLAND",5,5,5,1,0,0,0,0,0,5,5,3,5,34,4.25
"TUCK-203-R-2016","COASTAL","MBSS.2005.Bugs",128,17,3,2,41,2,2,23,103,2,2,40,80,99,32.03125,1.5625,17.96875,80.46875,1.5625,1.5625,31.25,62.5,77.34375,11,6,8,1,"MBSS.2005.Bugs","COASTAL",3,3,5,5,5,5,3,0,0,0,0,0,0,29,4.14285714285714
"TUCK-206-R-2016","COASTAL","MBSS.2005.Bugs",122,28,4,2,34,2,19,39,88,21,3,34,64,59,27.8688524590164,15.5737704918033,31.9672131147541,72.1311475409836,17.2131147540984,2.45901639344262,27.8688524590164,52.4590163934426,48.3606557377049,17,6,12,1,"MBSS.2005.Bugs","COASTAL",5,3,5,5,5,5,5,0,0,0,0,0,0,33,4.71428571428571
"TUCK-307-R-2016","COASTAL","MBSS.2005.Bugs",117,22,3,2,41,4,39,31,49,1,31,23,33,1,35.042735042735,33.3333333333333,26.4957264957265,41.8803418803419,0.854700854700855,26.4957264957265,19.6581196581197,28.2051282051282,0.854700854700855,9,2,5,0,"MBSS.2005.Bugs","COASTAL",5,3,5,1,5,5,5,0,0,0,0,0,0,29,4.14285714285714
"TUCK-309-R-2016","COASTAL","MBSS.2005.Bugs",132,13,3,2,98,3,5,21,37,1,31,31,22,0,74.2424242424242,3.78787878787879,15.9090909090909,28.030303030303,0.757575757575758,23.4848484848485,23.4848484848485,16.6666666666667,0,5,1,4,0,"MBSS.2005.Bugs","COASTAL",1,3,5,1,5,5,3,0,0,0,0,0,0,23,3.28571428571429
"UMON-119-S-2016","HIGHLAND","MBSS.2005.Bugs",116,30,19,6,33,5,11,9,105,2,22,13,42,93,28.448275862069,9.48275862068965,7.75862068965517,90.5172413793103,1.72413793103448,18.9655172413793,11.2068965517241,36.2068965517241,80.1724137931034,9,19,37,14,"MBSS.2005.Bugs","HIGHLAND",5,5,5,5,0,0,0,0,0,3,5,3,3,34,4.25
"UMON-130-R-2016","HIGHLAND","MBSS.2005.Bugs",142,17,5,0,0,2,0,37,99,0,8,0,110,89,0,0,26.056338028169,69.7183098591549,0,5.63380281690141,0,77.4647887323944,62.6760563380282,8,6,12,5,"MBSS.2005.Bugs","HIGHLAND",3,1,1,3,0,0,0,0,0,1,3,1,1,14,1.75
"UMON-288-S-2016","HIGHLAND","MBSS.2005.Bugs",115,24,15,5,52,4,21,22,90,11,32,24,31,93,45.2173913043478,18.2608695652174,19.1304347826087,78.2608695652174,9.56521739130435,27.8260869565217,20.8695652173913,26.9565217391304,80.8695652173913,7,18,34,11,"MBSS.2005.Bugs","HIGHLAND",5,5,5,5,0,0,0,0,0,5,5,5,3,38,4.75
"UMON-298-X-2016","HIGHLAND","MBSS.2005.Bugs",110,31,10,4,10,7,8,55,64,4,18,6,62,13,9.09090909090909,7.27272727272727,50,58.1818181818182,3.63636363636364,16.3636363636364,5.45454545454545,56.3636363636364,11.8181818181818,13,6,11,6,"MBSS.2005.Bugs","HIGHLAND",5,3,3,1,0,0,0,0,0,3,5,3,1,24,3
"UMON-299-X-2016","HIGHLAND","MBSS.2005.Bugs",130,29,10,6,15,4,12,84,48,3,13,5,88,15,11.5384615384615,9.23076923076923,64.6153846153846,36.9230769230769,2.30769230769231,10,3.84615384615385,67.6923076923077,11.5384615384615,16,7,13,5,"MBSS.2005.Bugs","HIGHLAND",5,3,5,1,0,0,0,0,0,3,3,3,1,24,3
"UPCK-108-R-2016","COASTAL","MBSS.2005.Bugs",106,22,0,0,0,1,5,53,13,2,2,2,61,25,0,4.71698113207547,50,12.2641509433962,1.88679245283019,1.88679245283019,1.88679245283019,57.5471698113208,23.5849056603774,12,5,8,0,"MBSS.2005.Bugs","COASTAL",5,1,1,3,1,3,3,0,0,0,0,0,0,17,2.42857142857143
"UPCK-113-S-2016","COASTAL","MBSS.2005.Bugs",128,10,1,0,0,3,1,18,99,0,5,0,113,96,0,0.78125,14.0625,77.34375,0,3.90625,0,88.28125,75,6,3,5,1,"MBSS.2005.Bugs","COASTAL",1,1,1,5,1,5,1,0,0,0,0,0,0,15,2.14285714285714
"UPCK-202-R-2016","COASTAL","MBSS.2005.Bugs",111,33,11,3,19,5,16,24,86,9,19,6,56,56,17.1171171171171,14.4144144144144,21.6216216216216,77.4774774774775,8.10810810810811,17.1171171171171,5.40540540540541,50.4504504504504,50.4504504504504,14,9,16,6,"MBSS.2005.Bugs","COASTAL",5,5,5,5,5,5,5,0,0,0,0,0,0,35,5
"UPCR-208-S-2016","COASTAL","MBSS.2005.Bugs",106,19,3,0,0,2,2,64,31,0,29,0,86,7,0,1.88679245283019,60.377358490566,29.2452830188679,0,27.3584905660377,0,81.1320754716981,6.60377358490566,11,4,9,3,"MBSS.2005.Bugs","COASTAL",3,3,1,1,1,5,3,0,0,0,0,0,0,17,2.42857142857143
"WEST-101-X-2016","COASTAL","MBSS.2005.Bugs",127,12,1,0,0,0,0,96,16,0,0,0,107,19,0,0,75.5905511811024,12.5984251968504,0,0,0,84.251968503937,14.9606299212598,7,5,10,1,"MBSS.2005.Bugs","COASTAL",1,1,1,3,1,1,1,0,0,0,0,0,0,9,1.28571428571429
"WEST-102-X-2016","COASTAL","MBSS.2005.Bugs",133,13,2,0,0,0,0,83,43,0,0,0,115,44,0,0,62.406015037594,32.3308270676692,0,0,0,86.4661654135338,33.0827067669173,6,5,9,2,"MBSS.2005.Bugs","COASTAL",1,3,1,5,1,1,1,0,0,0,0,0,0,13,1.85714285714286
"WEST-103-X-2016","COASTAL","MBSS.2005.Bugs",121,5,1,0,0,0,0,46,74,0,0,0,91,74,0,0,38.0165289256198,61.1570247933884,0,0,0,75.2066115702479,61.1570247933884,3,3,6,1,"MBSS.2005.Bugs","COASTAL",1,1,1,5,1,1,1,0,0,0,0,0,0,11,1.57142857142857
"WEST-104-X-2016","COASTAL","MBSS.2005.Bugs",117,15,3,0,0,0,4,14,88,0,0,2,73,95,0,3.41880341880342,11.965811965812,75.2136752136752,0,0,1.70940170940171,62.3931623931624,81.1965811965812,7,6,12,2,"MBSS.2005.Bugs","COASTAL",3,3,1,5,1,1,3,0,0,0,0,0,0,17,2.42857142857143
"WEST-105-X-2016","COASTAL","MBSS.2005.Bugs",118,11,3,0,0,1,4,10,94,0,1,0,88,102,0,3.38983050847458,8.47457627118644,79.6610169491525,0,0.847457627118644,0,74.5762711864407,86.4406779661017,5,4,10,1,"MBSS.2005.Bugs","COASTAL",1,3,1,5,1,3,3,0,0,0,0,0,0,17,2.42857142857143
"WEST-106-X-2016","COASTAL","MBSS.2005.Bugs",137,10,0,0,0,1,0,113,7,0,4,0,118,1,0,0,82.4817518248175,5.10948905109489,0,2.91970802919708,0,86.1313868613139,0.72992700729927,5,1,2,0,"MBSS.2005.Bugs","COASTAL",1,1,1,1,1,3,1,0,0,0,0,0,0,9,1.28571428571429
"WEST-108-X-2016","COASTAL","MBSS.2005.Bugs",115,15,2,0,0,1,0,48,43,0,3,0,53,61,0,0,41.7391304347826,37.3913043478261,0,2.60869565217391,0,46.0869565217391,53.0434782608696,10,4,7,1,"MBSS.2005.Bugs","COASTAL",3,3,1,5,1,3,1,0,0,0,0,0,0,17,2.42857142857143
"WEST-109-X-2016","COASTAL","MBSS.2005.Bugs",136,18,3,0,0,1,1,45,78,0,9,0,55,45,0,0.735294117647059,33.0882352941176,57.3529411764706,0,6.61764705882353,0,40.4411764705882,33.0882352941176,9,4,7,2,"MBSS.2005.Bugs","COASTAL",3,3,1,5,1,3,1,0,0,0,0,0,0,17,2.42857142857143
"WEST-110-X-2016","COASTAL","MBSS.2005.Bugs",119,17,3,0,0,1,4,30,70,0,2,0,90,69,0,3.36134453781513,25.2100840336134,58.8235294117647,0,1.68067226890756,0,75.6302521008403,57.9831932773109,8,9,14,4,"MBSS.2005.Bugs","COASTAL",3,3,1,5,1,3,3,0,0,0,0,0,0,19,2.71428571428571
"WEST-114-R-2016","COASTAL","MBSS.2005.Bugs",111,22,5,0,0,1,2,50,47,0,10,0,71,41,0,1.8018018018018,45.045045045045,42.3423423423423,0,9.00900900900901,0,63.963963963964,36.9369369369369,11,7,12,3,"MBSS.2005.Bugs","COASTAL",5,5,1,5,1,3,3,0,0,0,0,0,0,23,3.28571428571429
"WEST-AJC-X-2016","COASTAL","MBSS.2005.Bugs",121,7,3,1,1,0,2,62,58,0,0,1,94,57,0.826446280991736,1.65289256198347,51.2396694214876,47.9338842975207,0,0,0.826446280991736,77.6859504132231,47.1074380165289,4,3,7,1,"MBSS.2005.Bugs","COASTAL",1,3,3,5,3,1,3,0,0,0,0,0,0,19,2.71428571428571
"WILL-115-R-2016","HIGHLAND","MBSS.2005.Bugs",117,19,8,2,22,1,22,18,35,5,1,22,23,101,18.8034188034188,18.8034188034188,15.3846153846154,29.9145299145299,4.27350427350427,0.854700854700855,18.8034188034188,19.6581196581197,86.3247863247863,8,14,23,6,"MBSS.2005.Bugs","HIGHLAND",3,3,1,5,0,0,0,0,0,5,1,5,5,28,3.5
"WILL-226-R-2016","HIGHLAND","MBSS.2005.Bugs",83,25,8,2,2,0,5,45,36,2,0,2,51,33,2.40963855421687,6.02409638554217,54.2168674698795,43.3734939759036,2.40963855421687,0,2.40963855421687,61.4457831325301,39.7590361445783,16,12,27,5,"MBSS.2005.Bugs","HIGHLAND",5,3,1,3,0,0,0,0,0,3,1,1,1,18,2.25
"WIRH-220-S-2016","COASTAL","MBSS.2005.Bugs",141,28,6,3,29,3,15,53,82,13,29,28,70,6,20.5673758865248,10.6382978723404,37.5886524822695,58.1560283687943,9.21985815602837,20.5673758865248,19.8581560283688,49.645390070922,4.25531914893617,15,6,11,1,"MBSS.2005.Bugs","COASTAL",5,5,5,1,5,5,5,0,0,0,0,0,0,31,4.42857142857143
"YOUG-432-S-2016","HIGHLAND","MBSS.2005.Bugs",114,26,18,8,63,8,9,3,106,2,46,22,28,98,55.2631578947368,7.89473684210526,2.63157894736842,92.9824561403509,1.75438596491228,40.3508771929825,19.2982456140351,24.5614035087719,85.9649122807018,5,19,39,10,"MBSS.2005.Bugs","HIGHLAND",5,5,5,5,0,0,0,0,0,3,5,5,5,38,4.75
"ZEKI-201-X-2016","COASTAL","MBSS.2005.Bugs",114,34,11,4,8,7,24,40,87,2,24,2,44,44,7.01754385964912,21.0526315789474,35.0877192982456,76.3157894736842,1.75438596491228,21.0526315789474,1.75438596491228,38.5964912280702,38.5964912280702,14,9,15,7,"MBSS.2005.Bugs","COASTAL",5,5,5,5,3,5,5,0,0,0,0,0,0,33,4.71428571428571
"ZEKI-301-X-2016","COASTAL","MBSS.2005.Bugs",110,34,11,4,9,3,24,21,51,5,6,12,38,36,8.18181818181818,21.8181818181818,19.0909090909091,46.3636363636364,4.54545454545455,5.45454545454545,10.9090909090909,34.5454545454545,32.7272727272727,11,11,21,4,"MBSS.2005.Bugs","COASTAL",5,5,5,5,3,5,5,0,0,0,0,0,0,33,4.71428571428571
