"INDEX.NAME","SITE","FIBISTRATA","ACREAGE","LEN_SAMP","AVWID","STRMAREA","TOTCNT","ABUNSQM","PABDOM","TOTBIOM","BIOM_MSQ","NUMBENTSP","NUMBROOK","PBROOK","NUMGEOMIV","PGEOMIV","NUMIS","P_IS","NUMLITH","P_LITH","NUMROUND","PROUND","NUMSCULP","PSCULP","NUMTOL","PTOL","NUMBENTSP_Obs","NUMBENTSP_m","NUMBENTSP_b","NUMBENTSP_Exp","NUMBENTSP_Adj","Index.Name","Index.Region","SC_ABUNSQM","SC_NUMBENTSP","SC_PTOL","SC_PGEOMIV","SC_PROUND","SC_PABDOM","SC_BIOM_MSQ","SC_P_LITH","SC_P_IS","SC_PBROOK","SC_PSCULP","sum_IBI","IBI","IBI_Nar"
"MBSS.2005.Fish","ABPG-204-R-2016","COASTAL",2481.92262,75,8.375,628.125,220,0.350248756218905,23.1818181818182,2591,4.12497512437811,0.415421765194087,0,0,210,95.4545454545455,0,0,0,0,9,4.09090909090909,0,0,149,67.7272727272727,1,1.69,-3.33,2.40719212083843,0.415421765194087,"MBSS.2005.Fish","COASTAL",1,5,5,3,5,5,0,0,0,0,0,24,4,"Good"
"MBSS.2005.Fish","ANTI-101-S-2016","COLD",1413.95,75,4.05,303.75,176,0.579423868312757,73.8636363636364,1505,4.95473251028807,0,37,21.0227272727273,176,100,0,0,46,26.1363636363636,0,0,0,0,139,78.9772727272727,0,NA,NA,NA,NA,"MBSS.2005.Fish","COLD",5,0,3,0,0,0,0,0,0,5,1,14,3.5,"Fair"
"MBSS.2005.Fish","ATKI-003-X-2016","EPIEDMONT",105.03,75,1.7,127.5,611,4.7921568627451,53.518821603928,1638,12.8470588235294,6.00089868777519,0,0,566,92.6350245499182,45,7.36497545008183,284,46.481178396072,0,0,45,7.36497545008183,566,92.6350245499182,1,1.25,-2.36,0.166641706855869,6.00089868777519,"MBSS.2005.Fish","EPIEDMONT",5,5,1,3,0,0,5,3,0,0,0,22,3.66666666666667,"Fair"
"MBSS.2005.Fish","ATKI-101-X-2016","EPIEDMONT",393.08,75,2.575,193.125,470,2.4336569579288,41.4893617021277,1377,7.13009708737864,2.26474614203492,0,0,272,57.8723404255319,195,41.4893617021277,295,62.7659574468085,0,0,195,41.4893617021277,215,45.7446808510638,2,1.25,-2.36,0.883101184224983,2.26474614203492,"MBSS.2005.Fish","EPIEDMONT",5,5,3,5,0,0,3,5,0,0,0,26,4.33333333333333,"Good"
"MBSS.2005.Fish","ATKI-102-X-2016","EPIEDMONT",146.07,75,1.925,144.375,622,4.30822510822511,69.1318327974276,1389,9.62077922077922,2.89267075019392,0,0,577,92.7652733118971,45,7.23472668810289,192,30.8681672025724,0,0,45,7.23472668810289,577,92.7652733118971,1,1.25,-2.36,0.345701286581946,2.89267075019392,"MBSS.2005.Fish","EPIEDMONT",5,5,1,3,0,0,5,1,0,0,0,20,3.33333333333333,"Fair"
"MBSS.2005.Fish","ATKI-104-R-2016","EPIEDMONT",563.102874,75,2.425,181.875,583,3.20549828178694,54.3739279588336,1438,7.90652920962199,0.927441881284588,0,0,262,44.9399656946827,317,54.3739279588336,425,72.8987993138937,0,0,317,54.3739279588336,198,33.9622641509434,1,1.25,-2.36,1.07823467990783,0.927441881284588,"MBSS.2005.Fish","EPIEDMONT",5,5,5,5,0,0,3,5,0,0,0,28,4.66666666666667,"Good"
"MBSS.2005.Fish","ATKI-106-R-2016","EPIEDMONT",684.97506,75,2.725,204.375,1579,7.72599388379205,69.5376820772641,1945,9.51681957186544,0.844171475850497,0,0,481,30.4623179227359,1098,69.5376820772641,1241,78.5940468651045,0,0,1098,69.5376820772641,364,23.0525649145028,1,1.25,-2.36,1.18459344885174,0.844171475850497,"MBSS.2005.Fish","EPIEDMONT",5,5,5,5,0,0,5,5,0,0,0,30,5,"Good"
"MBSS.2005.Fish","ATKI-302-R-2016","EPIEDMONT",13587.41437,75,12.45,933.75,381,0.408032128514056,25.9842519685039,6740,7.21820615796519,1.06897716811786,0,0,296,77.6902887139108,75,19.6850393700787,320,83.989501312336,9,2.36220472440945,75,19.6850393700787,155,40.6824146981627,3,1.25,-2.36,2.80642102513945,1.06897716811786,"MBSS.2005.Fish","EPIEDMONT",3,5,5,5,0,0,3,5,0,0,0,26,4.33333333333333,"Good"
"MBSS.2005.Fish","ATKI-303-R-2016","EPIEDMONT",12618.88632,75,16.325,1224.375,1222,0.99806023481368,46.3993453355155,3936,3.21470137825421,1.08449037298177,0,0,651,53.2733224222586,567,46.3993453355155,898,73.4860883797054,11,0.900163666121113,567,46.3993453355155,372,30.4418985270049,3,1.25,-2.36,2.76627628491675,1.08449037298177,"MBSS.2005.Fish","EPIEDMONT",3,5,5,5,0,0,1,5,0,0,0,24,4,"Good"
"MBSS.2005.Fish","BACK-105-R-2016","EPIEDMONT",1732.897944,75,7.625,571.875,999,1.74688524590164,48.8488488488488,5414,9.46710382513661,0,0,0,999,100,0,0,504,50.4504504504504,0,0,0,0,950,95.0950950950951,0,1.25,-2.36,1.68846623306438,0,"MBSS.2005.Fish","EPIEDMONT",5,1,1,1,0,0,5,3,0,0,0,16,2.66666666666667,"Poor"
"MBSS.2005.Fish","BACK-111-R-2016","COASTAL",1878.788736,75,4.5,337.5,233,0.69037037037037,38.1974248927039,535,1.58518518518519,0.453956604378604,0,0,233,100,0,0,105,45.0643776824034,0,0,0,0,207,88.8412017167382,1,1.69,-3.33,2.20285373173245,0.453956604378604,"MBSS.2005.Fish","COASTAL",3,5,3,1,1,5,0,0,0,0,0,18,3,"Fair"
"MBSS.2005.Fish","BELK-109-R-2016","EPIEDMONT",217.2794265,75,2.3,172.5,272,1.5768115942029,45.2205882352941,1019,5.90724637681159,1.78166336266699,0,0,210,77.2058823529412,57,20.9558823529412,146,53.6764705882353,0,0,57,20.9558823529412,163,59.9264705882353,1,1.25,-2.36,0.561273257874646,1.78166336266699,"MBSS.2005.Fish","EPIEDMONT",5,5,3,5,0,0,3,3,0,0,0,24,4,"Good"
"MBSS.2005.Fish","BELK-303-R-2016","EPIEDMONT",29557.56342,75,17.4,1305,3845,2.9463601532567,23.2769830949285,36577,28.0283524904215,1.23902848499642,0,0,2939,76.4369310793238,895,23.2769830949285,2408,62.6267880364109,98,2.54876462938882,895,23.2769830949285,788,20.4941482444733,4,1.25,-2.36,3.22833578762441,1.23902848499642,"MBSS.2005.Fish","EPIEDMONT",5,5,5,5,0,0,5,5,0,0,0,30,5,"Good"
"MBSS.2005.Fish","BELK-305-R-2016","EPIEDMONT",30649.52041,75,21.9,1642.5,2266,1.37960426179604,13.3274492497793,29419,17.9111111111111,1.23151586887604,0,0,1947,85.9223300970874,302,13.3274492497793,1329,58.6496028243601,112,4.94263018534863,302,13.3274492497793,510,22.5066195939982,4,1.25,-2.36,3.24802960407701,1.23151586887604,"MBSS.2005.Fish","EPIEDMONT",5,5,5,3,0,0,5,3,0,0,0,26,4.33333333333333,"Good"
"MBSS.2005.Fish","BIRD-107-R-2016","EPIEDMONT",1306.790082,75,4.05,303.75,475,1.56378600823045,31.3684210526316,1972,6.49218106995885,1.30271324342428,0,0,468,98.5263157894737,0,0,341,71.7894736842105,0,0,0,0,236,49.6842105263158,2,1.25,-2.36,1.53525728712395,1.30271324342428,"MBSS.2005.Fish","EPIEDMONT",5,5,3,3,0,0,3,5,0,0,0,24,4,"Good"
"MBSS.2005.Fish","BRET-101-R-2016","COASTAL",290.6696115,75,1.5,112.5,154,1.36888888888889,60.3896103896104,957,8.50666666666667,2.40054144220031,0,0,146,94.8051948051948,0,0,0,0,2,1.2987012987013,0,0,131,85.0649350649351,2,1.69,-3.33,0.833145374972915,2.40054144220031,"MBSS.2005.Fish","COASTAL",5,5,3,3,3,3,0,0,0,0,0,22,3.66666666666667,"Fair"
"MBSS.2005.Fish","BRET-103-R-2016","COASTAL",935.6136615,75,2.125,159.375,36,0.225882352941176,38.8888888888889,268,1.68156862745098,1.18262498446649,0,0,34,94.4444444444444,0,0,0,0,1,2.77777777777778,0,0,31,86.1111111111111,2,1.69,-3.33,1.69115317727052,1.18262498446649,"MBSS.2005.Fish","COASTAL",1,5,3,3,5,5,0,0,0,0,0,22,3.66666666666667,"Fair"
"MBSS.2005.Fish","BRET-117-R-2016","COASTAL",403.423623,75,1.425,106.875,32,0.299415204678363,93.75,115,1.07602339181287,0.931327071243849,0,0,32,100,0,0,0,0,0,0,0,0,31,96.875,1,1.69,-3.33,1.07373663976548,0.931327071243849,"MBSS.2005.Fish","COASTAL",1,5,3,1,1,1,0,0,0,0,0,12,2,"Poor"
"MBSS.2005.Fish","BYNU-207-R-2016","EPIEDMONT",2749.240809,75,10.175,763.125,177,0.231941031941032,20.9039548022599,8985,11.7739557739558,0.515725508045866,0,0,174,98.3050847457627,0,0,66,37.2881355932203,23,12.9943502824859,0,0,86,48.5875706214689,1,1.25,-2.36,1.93901597729594,0.515725508045866,"MBSS.2005.Fish","EPIEDMONT",1,5,3,3,0,0,5,3,0,0,0,20,3.33333333333333,"Fair"
"MBSS.2005.Fish","BYNU-301-R-2016","EPIEDMONT",8329.118814,75,10.95,821.25,538,0.655098934550989,18.0297397769517,15450,18.8127853881279,1.18075426208021,0,0,433,80.4832713754647,33,6.13382899628253,333,61.8959107806691,92,17.1003717472119,33,6.13382899628253,93,17.2862453531599,3,1.25,-2.36,2.54074882161738,1.18075426208021,"MBSS.2005.Fish","EPIEDMONT",3,5,5,3,0,0,5,5,0,0,0,26,4.33333333333333,"Good"
"MBSS.2005.Fish","BYNU-306-R-2016","EPIEDMONT",6903.12528,75,8.1,607.5,3342,5.50123456790123,26.1220825852783,8660,14.2551440329218,1.2301095418413,0,0,2416,72.2920406941951,873,26.1220825852783,2046,61.2208258527828,127,3.8001196888091,873,26.1220825852783,1395,41.7414721723519,3,1.25,-2.36,2.43880719395887,1.2301095418413,"MBSS.2005.Fish","EPIEDMONT",5,5,5,5,0,0,5,5,0,0,0,30,5,"Good"
"MBSS.2005.Fish","CHRI-105-R-2016","EPIEDMONT",885.574899,75,3.225,241.875,247,1.02118863049096,31.5789473684211,1919,7.93385012919897,0.755268969977258,0,0,247,100,0,0,62,25.1012145748988,11,4.45344129554656,0,0,221,89.4736842105263,1,1.25,-2.36,1.32403162284042,0.755268969977258,"MBSS.2005.Fish","EPIEDMONT",3,5,1,1,0,0,3,1,0,0,0,14,2.33333333333333,"Poor"
"MBSS.2005.Fish","CONO-101-R-2016","HIGHLAND",936.725634,75,4.8,360,122,0.338888888888889,93.4426229508197,440,1.22222222222222,0,0,0,122,100,0,0,0,0,0,0,0,0,122,100,0,1.23,-2.35,1.3050832582661,0,"MBSS.2005.Fish","HIGHLAND",3,1,1,1,0,1,0,0,1,0,0,8,1.33333333333333,"Very Poor"
"MBSS.2005.Fish","CONO-222-R-2016","HIGHLAND",2618.028054,75,3.95,296.25,196,0.661603375527426,61.2244897959184,1287,4.34430379746835,0.53934279602028,0,0,75,38.265306122449,120,61.2244897959184,150,76.530612244898,0,0,120,61.2244897959184,55,28.0612244897959,1,1.23,-2.35,1.85410838409048,0.53934279602028,"MBSS.2005.Fish","HIGHLAND",5,5,5,5,0,3,0,0,5,0,0,28,4.66666666666667,"Good"
"MBSS.2005.Fish","CONO-312-R-2016","HIGHLAND",6485.02362,75,6.075,455.625,246,0.539917695473251,61.7886178861789,1062,2.33086419753086,1.7103875786008,0,0,89,36.1788617886179,157,63.8211382113821,160,65.0406504065041,0,0,152,61.7886178861789,53,21.5447154471545,4,1.23,-2.35,2.33865122153906,1.7103875786008,"MBSS.2005.Fish","HIGHLAND",3,5,5,5,0,3,0,0,5,0,0,26,4.33333333333333,"Good"
"MBSS.2005.Fish","CORS-102-S-2016","COASTAL",639,75,1.35,101.25,272,2.68641975308642,97.7941176470588,327,3.22962962962963,0,0,0,267,98.1617647058823,0,0,0,0,0,0,0,0,271,99.6323529411765,0,1.69,-3.33,1.4112964502877,0,"MBSS.2005.Fish","COASTAL",5,1,1,3,1,1,0,0,0,0,0,12,2,"Poor"
"MBSS.2005.Fish","DOUB-119-R-2016","HIGHLAND",392.5262925,75,2.4,180,212,1.17777777777778,52.3584905660377,617,3.42777777777778,1.18982665088498,0,0,124,58.4905660377358,88,41.5094339622642,101,47.6415094339623,0,0,88,41.5094339622642,124,58.4905660377358,1,1.23,-2.35,0.840458565334885,1.18982665088498,"MBSS.2005.Fish","HIGHLAND",5,5,3,5,0,3,0,0,5,0,0,26,4.33333333333333,"Good"
"MBSS.2005.Fish","DOUB-218-R-2016","HIGHLAND",3474.024484,75,2.125,159.375,614,3.85254901960784,35.5048859934853,2617,16.4203921568627,1.49609188174915,0,0,528,85.9934853420196,67,10.9120521172638,364,59.2833876221498,0,0,45,7.32899022801303,296,48.2084690553746,3,1.23,-2.35,2.00522443614397,1.49609188174915,"MBSS.2005.Fish","HIGHLAND",5,5,3,3,0,5,0,0,3,0,0,24,4,"Good"
"MBSS.2005.Fish","DOUB-221-R-2016","HIGHLAND",3354.376243,75,3.975,298.125,819,2.74716981132075,36.1416361416361,5987,20.082180293501,1.5101919217136,0,0,498,60.8058608058608,311,37.973137973138,474,57.8754578754579,0,0,298,36.3858363858364,409,49.9389499389499,3,1.23,-2.35,1.98650248148324,1.5101919217136,"MBSS.2005.Fish","HIGHLAND",5,5,3,5,0,5,0,0,5,0,0,28,4.66666666666667,"Good"
"MBSS.2005.Fish","DOUB-225-R-2016","HIGHLAND",3928.821237,75,6,450,677,1.50444444444444,35.3028064992614,1529,3.39777777777778,0.965743815977895,0,0,596,88.0354505169867,58,8.5672082717873,186,27.4741506646972,0,0,0,0,561,82.8655834564254,2,1.23,-2.35,2.07094259047865,0.965743815977895,"MBSS.2005.Fish","HIGHLAND",5,5,1,3,0,5,0,0,3,0,0,22,3.66666666666667,"Fair"
"MBSS.2005.Fish","DOUB-319-R-2016","HIGHLAND",35237.51895,75,15.525,1164.375,1104,0.948148148148148,29.8007246376812,6020,5.17015566290929,1.85024342690671,0,0,649,58.786231884058,424,38.4057971014493,670,60.6884057971015,40,3.6231884057971,386,34.963768115942,428,38.768115942029,6,1.23,-2.35,3.24281654659407,1.85024342690671,"MBSS.2005.Fish","HIGHLAND",5,5,5,5,0,5,0,0,5,0,0,30,5,"Good"
"MBSS.2005.Fish","EVIT-323-R-2016","HIGHLAND",44111.0595,75,15.05,1128.75,2230,1.97563676633444,41.2556053811659,10261,9.0905869324474,1.48685910427976,0,0,854,38.2959641255605,1261,56.5470852017937,1421,63.7219730941704,9,0.403587443946188,998,44.7533632286995,528,23.6771300448431,5,1.23,-2.35,3.36279341170125,1.48685910427976,"MBSS.2005.Fish","HIGHLAND",5,5,5,5,0,3,0,0,5,0,0,28,4.66666666666667,"Good"
"MBSS.2005.Fish","FIMI-207-S-2016","HIGHLAND",13041,75,4.4,330,190,0.575757575757576,34.2105263157895,489,1.48181818181818,1.10626305636789,0,0,104,54.7368421052632,78,41.0526315789474,103,54.2105263157895,0,0,65,34.2105263157895,92,48.4210526315789,3,1.23,-2.35,2.71183240073991,1.10626305636789,"MBSS.2005.Fish","HIGHLAND",3,5,3,5,0,5,0,0,5,0,0,26,4.33333333333333,"Good"
"MBSS.2005.Fish","FURN-101-S-2016","EPIEDMONT",730,75,2.175,163.125,131,0.803065134099617,48.0916030534351,979,6.00153256704981,2.46072362100032,0,0,130,99.236641221374,1,0.763358778625954,93,70.9923664122137,0,0,1,0.763358778625954,37,28.2442748091603,3,1.25,-2.36,1.21915357515057,2.46072362100032,"MBSS.2005.Fish","EPIEDMONT",3,5,5,3,0,0,3,5,0,0,0,24,4,"Good"
"MBSS.2005.Fish","GEOR-109-R-2016","COLD",579.3376725,75,4.15,311.25,1,0.00321285140562249,100,33,0.106024096385542,0,1,100,1,100,0,0,1,100,0,0,0,0,0,0,0,NA,NA,NA,NA,"MBSS.2005.Fish","COLD",5,0,5,0,0,0,0,0,0,5,1,16,4,"Good"
"MBSS.2005.Fish","GILB-101-X-2016","COASTAL",991.6570755,75,2.75,206.25,198,0.96,74.2424242424242,481,2.33212121212121,0.576750841298279,0,0,164,82.8282828282828,0,0,11,5.55555555555556,0,0,0,0,151,76.2626262626263,1,1.69,-3.33,1.73385096023263,0.576750841298279,"MBSS.2005.Fish","COASTAL",5,5,3,5,1,1,0,0,0,0,0,20,3.33333333333333,"Fair"
"MBSS.2005.Fish","GILB-301-X-2016","COASTAL",3559.201578,75,4.525,339.375,178,0.524493554327808,30.3370786516854,3306,9.7414364640884,1.49712596589662,0,0,174,97.752808988764,0,0,59,33.1460674157303,0,0,0,0,23,12.9213483146067,4,1.69,-3.33,2.67178586913656,1.49712596589662,"MBSS.2005.Fish","COASTAL",3,5,5,3,1,5,0,0,0,0,0,22,3.66666666666667,"Fair"
"MBSS.2005.Fish","JONE-102-R-2016","EPIEDMONT",416.1001095,75,3.5,262.5,539,2.05333333333333,71.2430426716141,2957,11.2647619047619,0,0,0,514,95.3617810760668,0,0,155,28.7569573283859,0,0,0,0,514,95.3617810760668,0,1.25,-2.36,0.913997287601192,0,"MBSS.2005.Fish","EPIEDMONT",5,1,1,3,0,0,5,1,0,0,0,16,2.66666666666667,"Poor"
"MBSS.2005.Fish","JONE-109-S-2016","EPIEDMONT",273,75,1.5,112.5,54,0.48,100,160,1.42222222222222,0,0,0,54,100,0,0,0,0,0,0,0,0,54,100,0,1.25,-2.36,0.685203308800945,0,"MBSS.2005.Fish","EPIEDMONT",3,1,1,1,0,0,1,1,0,0,0,8,1.33333333333333,"Very Poor"
"MBSS.2005.Fish","JONE-204-R-2016","EPIEDMONT",820.635705,75,2.025,151.875,104,0.68477366255144,60.5769230769231,455,2.99588477366255,0,0,0,100,96.1538461538462,0,0,38,36.5384615384615,0,0,0,0,90,86.5384615384615,0,1.25,-2.36,1.28268801092501,0,"MBSS.2005.Fish","EPIEDMONT",3,1,1,3,0,0,1,3,0,0,0,12,2,"Poor"
"MBSS.2005.Fish","JONE-213-R-2016","EPIEDMONT",1732.008366,75,3.425,256.875,139,0.541119221411192,40.2877697841727,3078,11.9824817518248,0.592351270690598,0,0,83,59.7122302158273,0,0,76,54.6762589928058,0,0,0,0,60,43.1654676258993,1,1.25,-2.36,1.68818748178617,0.592351270690598,"MBSS.2005.Fish","EPIEDMONT",3,5,5,5,0,0,5,3,0,0,0,26,4.33333333333333,"Good"
"MBSS.2005.Fish","JONE-315-S-2016","EPIEDMONT",3805,75,8.95,671.25,293,0.436499068901304,31.3993174061433,5020,7.47858472998138,0.472714152881464,0,0,201,68.6006825938567,0,0,141,48.122866894198,0,0,0,0,138,47.098976109215,1,1.25,-2.36,2.11544332638324,0.472714152881464,"MBSS.2005.Fish","EPIEDMONT",3,5,3,5,0,0,3,3,0,0,0,22,3.66666666666667,"Fair"
"MBSS.2005.Fish","LANG-115-R-2016","COASTAL",193.038426,75,0.725,54.375,261,4.8,68.1992337164751,232,4.26666666666667,1.87709542211501,0,0,261,100,0,0,0,0,0,0,0,0,186,71.264367816092,1,1.69,-3.33,0.532737967510066,1.87709542211501,"MBSS.2005.Fish","COASTAL",5,5,3,1,1,3,0,0,0,0,0,18,3,"Fair"
"MBSS.2005.Fish","LANG-204-R-2016","COASTAL",3479.361952,75,3.6,270,118,0.437037037037037,32.2033898305085,2123,7.86296296296296,0.376628777156548,0,0,116,98.3050847457627,0,0,3,2.54237288135593,1,0.847457627118644,0,0,65,55.0847457627119,1,1.69,-3.33,2.65513434090126,0.376628777156548,"MBSS.2005.Fish","COASTAL",1,5,5,3,3,5,0,0,0,0,0,22,3.66666666666667,"Fair"
"MBSS.2005.Fish","LIBE-102-S-2016","EPIEDMONT",584,75,2.975,223.125,240,1.07563025210084,61.25,912,4.08739495798319,0.91073349237757,0,0,93,38.75,147,61.25,194,80.8333333333333,0,0,147,61.25,54,22.5,1,1.25,-2.36,1.0980160588905,0.91073349237757,"MBSS.2005.Fish","EPIEDMONT",3,5,5,5,0,0,3,5,0,0,0,26,4.33333333333333,"Good"
"MBSS.2005.Fish","LIEL-114-R-2016","EPIEDMONT",17874.29075,75,14.55,1091.25,716,0.656128293241695,19.4134078212291,11568,10.6006872852234,1.3535068922104,0,0,611,85.3351955307263,73,10.195530726257,328,45.8100558659218,28,3.91061452513966,73,10.195530726257,205,28.6312849162011,4,1.25,-2.36,2.95528602256885,1.3535068922104,"MBSS.2005.Fish","EPIEDMONT",3,5,5,3,0,0,5,3,0,0,0,24,4,"Good"
"MBSS.2005.Fish","LIEL-118-R-2016","EPIEDMONT",947.1781755,75,3.625,271.875,273,1.00413793103448,35.8974358974359,2649,9.74344827586207,1.47000498561158,0,0,251,91.9413919413919,0,0,219,80.2197802197802,4,1.46520146520147,0,0,175,64.1025641025641,2,1.25,-2.36,1.36053960331837,1.47000498561158,"MBSS.2005.Fish","EPIEDMONT",3,5,3,3,0,0,5,5,0,0,0,24,4,"Good"
"MBSS.2005.Fish","LIGU-103-R-2016","EPIEDMONT",177.9156,75,1.975,148.125,148,0.99915611814346,62.8378378378378,681,4.59746835443038,0,0,0,148,100,0,0,54,36.4864864864865,0,0,0,0,146,98.6486486486486,0,1.25,-2.36,0.452767536966109,0,"MBSS.2005.Fish","EPIEDMONT",3,1,1,1,0,0,3,3,0,0,0,12,2,"Poor"
"MBSS.2005.Fish","LMON-345-R-2016","HIGHLAND",11916.78689,75,8.55,641.25,1379,2.1504873294347,27.4836838288615,4912,7.66003898635478,2.25252639198157,0,0,831,60.2610587382161,494,35.8230601885424,733,53.1544597534445,0,0,485,35.1704133430022,535,38.7962291515591,6,1.23,-2.35,2.66367578260504,2.25252639198157,"MBSS.2005.Fish","HIGHLAND",5,5,5,5,0,5,0,0,5,0,0,30,5,"Good"
"MBSS.2005.Fish","LOCH-112-R-2016","EPIEDMONT",706.324932,75,2.825,211.875,152,0.71740412979351,41.4473684210526,691,3.26135693215339,0.832462251479207,0,0,89,58.5526315789474,63,41.4473684210526,110,72.3684210526316,0,0,63,41.4473684210526,40,26.3157894736842,1,1.25,-2.36,1.20125567042,0.832462251479207,"MBSS.2005.Fish","EPIEDMONT",3,5,5,5,0,0,1,5,0,0,0,24,4,"Good"
"MBSS.2005.Fish","LOCH-114-R-2016","EPIEDMONT",1558.540656,75,6.2,465,521,1.12043010752688,40.3071017274472,2359,5.07311827956989,0,0,0,515,98.8483685220729,0,0,251,48.1765834932822,0,0,0,0,391,75.0479846449136,0,1.25,-2.36,1.63089766967621,0,"MBSS.2005.Fish","EPIEDMONT",3,1,1,3,0,0,3,3,0,0,0,14,2.33333333333333,"Poor"
"MBSS.2005.Fish","LOCH-120-S-2016","EPIEDMONT",417,75,3.6,270,106,0.392592592592593,29.2452830188679,785,2.90740740740741,0,12,11.3207547169811,105,99.0566037735849,0,0,69,65.0943396226415,0,0,0,0,55,51.8867924528302,0,1.25,-2.36,0.915170068717197,0,"MBSS.2005.Fish","EPIEDMONT",3,1,3,3,0,0,1,5,0,0,0,16,2.66666666666667,"Poor"
"MBSS.2005.Fish","LOCH-121-R-2016","EPIEDMONT",1085.062766,75,4.05,303.75,501,1.64938271604938,47.3053892215569,1425,4.69135802469136,1.39439036299375,0,0,263,52.4950099800399,237,47.3053892215569,273,54.4910179640719,0,0,237,47.3053892215569,222,44.311377245509,2,1.25,-2.36,1.43431857611667,1.39439036299375,"MBSS.2005.Fish","EPIEDMONT",5,5,5,5,0,0,3,3,0,0,0,26,4.33333333333333,"Good"
"MBSS.2005.Fish","LOCH-124-R-2016","EPIEDMONT",144.111636,75,1.225,91.875,204,2.22040816326531,65.1960784313726,1345,14.6394557823129,0,0,0,203,99.5098039215686,0,0,134,65.6862745098039,0,0,0,0,199,97.5490196078431,0,1.25,-2.36,0.338373810564422,0,"MBSS.2005.Fish","EPIEDMONT",5,1,1,3,0,0,5,5,0,0,0,20,3.33333333333333,"Fair"
"MBSS.2005.Fish","LOCH-202-R-2016","EPIEDMONT",1682.636787,75,4.725,354.375,393,1.10899470899471,43.0025445292621,1210,3.41446208112875,0,0,0,231,58.7786259541985,0,0,179,45.5470737913486,0,0,0,0,183,46.5648854961832,0,1.25,-2.36,1.67248797442209,0,"MBSS.2005.Fish","EPIEDMONT",3,1,3,5,0,0,1,3,0,0,0,16,2.66666666666667,"Poor"
"MBSS.2005.Fish","LOCH-206-R-2016","EPIEDMONT",1924.379609,75,3,225,320,1.42222222222222,45.9375,1640,7.28888888888889,0.572946574384709,1,0.3125,157,49.0625,147,45.9375,218,68.125,0,0,147,45.9375,103,32.1875,1,1.25,-2.36,1.74536343301102,0.572946574384709,"MBSS.2005.Fish","EPIEDMONT",5,5,5,5,0,0,3,5,0,0,0,28,4.66666666666667,"Good"
"MBSS.2005.Fish","LOCH-209-R-2016","EPIEDMONT",2222.610633,75,4,300,139,0.463333333333333,43.1654676258993,1101,3.67,0,0,0,121,87.0503597122302,0,0,23,16.5467625899281,0,0,0,0,107,76.9784172661871,0,1.25,-2.36,1.82357923460939,0,"MBSS.2005.Fish","EPIEDMONT",3,1,1,3,0,0,1,1,0,0,0,10,1.66666666666667,"Very Poor"
"MBSS.2005.Fish","LOCH-311-R-2016","EPIEDMONT",5989.973463,75,4.425,331.875,736,2.21770244821092,36.0054347826087,3597,10.838418079096,0.846818522071715,0,0,721,97.9619565217391,0,0,504,68.4782608695652,23,3.125,0,0,354,48.0978260869565,2,1.25,-2.36,2.3617811229578,0.846818522071715,"MBSS.2005.Fish","EPIEDMONT",5,5,3,3,0,0,5,5,0,0,0,26,4.33333333333333,"Good"
"MBSS.2005.Fish","LOCH-313-R-2016","EPIEDMONT",6446.326977,75,6.7,502.5,866,1.72338308457711,39.2609699769053,2668,5.30945273631841,0.83276413451442,0,0,849,98.0369515011547,0,0,447,51.6166281755196,23,2.65588914549654,0,0,532,61.431870669746,2,1.25,-2.36,2.40164041306388,0.83276413451442,"MBSS.2005.Fish","EPIEDMONT",5,5,3,3,0,0,3,3,0,0,0,22,3.66666666666667,"Fair"
"MBSS.2005.Fish","LOCH-317-R-2016","EPIEDMONT",7366.373023,75,6.175,463.125,485,1.0472334682861,40.2061855670103,6327,13.6615384615385,0.808385501171058,0,0,221,45.5670103092784,195,40.2061855670103,398,82.0618556701031,3,0.618556701030928,195,40.2061855670103,99,20.4123711340206,2,1.25,-2.36,2.47406713393885,0.808385501171058,"MBSS.2005.Fish","EPIEDMONT",3,5,5,5,0,0,5,5,0,0,0,28,4.66666666666667,"Good"
"MBSS.2005.Fish","LOCR-102-S-2016","COASTAL",431,75,1.975,148.125,325,2.19409282700422,32.6153846153846,841,5.67763713080169,0,0,0,322,99.0769230769231,0,0,0,0,0,0,0,0,255,78.4615384615385,0,1.69,-3.33,1.12226658657164,0,"MBSS.2005.Fish","COASTAL",5,1,3,3,1,5,0,0,0,0,0,18,3,"Fair"
"MBSS.2005.Fish","LOCR-114-R-2016","COASTAL",843.319944,75,3.2,240,428,1.78333333333333,35.0467289719626,4991,20.7958333333333,0.619222994903719,0,0,401,93.6915887850467,0,0,0,0,0,0,0,0,213,49.7663551401869,1,1.69,-3.33,1.61492710740738,0.619222994903719,"MBSS.2005.Fish","COASTAL",5,5,5,3,1,5,0,0,0,0,0,24,4,"Good"
"MBSS.2005.Fish","LOGU-211-R-2016","EPIEDMONT",1114.196445,75,3.475,260.625,324,1.2431654676259,57.7160493827161,6506,24.9630695443645,0.690272985511138,0,0,323,99.6913580246914,0,0,100,30.8641975308642,0,0,0,0,233,71.9135802469136,1,1.25,-2.36,1.44870221056024,0.690272985511138,"MBSS.2005.Fish","EPIEDMONT",3,5,1,3,0,0,5,1,0,0,0,18,3,"Fair"
"MBSS.2005.Fish","LOGU-301-R-2016","EPIEDMONT",5181.124666,75,8.225,616.875,1694,2.74609929078014,31.8181818181818,16375,26.5450861195542,0.438014383027622,0,0,1687,99.5867768595041,0,0,729,43.0342384887839,0,0,0,0,1162,68.5950413223141,1,1.25,-2.36,2.28303005277555,0.438014383027622,"MBSS.2005.Fish","EPIEDMONT",5,5,1,3,0,0,5,3,0,0,0,22,3.66666666666667,"Fair"
"MBSS.2005.Fish","LOGU-305-R-2016","EPIEDMONT",5146.653519,75,8.325,624.375,799,1.27967967967968,40.9261576971214,38168,61.1299299299299,0.438710755216757,0,0,788,98.6232790988736,0,0,514,64.3304130162703,0,0,0,0,538,67.334167709637,1,1.25,-2.36,2.27940616478829,0.438710755216757,"MBSS.2005.Fish","EPIEDMONT",5,5,3,3,0,0,5,5,0,0,0,26,4.33333333333333,"Good"
"MBSS.2005.Fish","LOPC-101-R-2016","COASTAL",810.6279525,75,1.725,129.375,110,0.85024154589372,95.4545454545455,288,2.22608695652174,0,0,0,109,99.0909090909091,0,0,0,0,0,0,0,0,108,98.1818181818182,0,1.69,-3.33,1.58590846214704,0,"MBSS.2005.Fish","COASTAL",5,1,1,3,1,1,0,0,0,0,0,12,2,"Poor"
"MBSS.2005.Fish","LOPC-110-R-2016","COASTAL",1615.918437,75,2.7,202.5,82,0.404938271604938,45.1219512195122,823,4.0641975308642,0,0,0,72,87.8048780487805,0,0,0,0,1,1.21951219512195,0,0,81,98.780487804878,0,1.69,-3.33,2.09222884702191,0,"MBSS.2005.Fish","COASTAL",1,1,1,5,3,3,0,0,0,0,0,14,2.33333333333333,"Poor"
"MBSS.2005.Fish","LPAX-290-X-2016","EPIEDMONT",1338.92,75,3.075,230.625,246,1.06666666666667,44.7154471544715,1878,8.14308943089431,0.645809897595561,0,0,246,100,0,0,60,24.390243902439,0,0,0,0,196,79.6747967479675,1,1.25,-2.36,1.54844328605544,0.645809897595561,"MBSS.2005.Fish","EPIEDMONT",3,5,1,1,0,0,3,1,0,0,0,14,2.33333333333333,"Poor"
"MBSS.2005.Fish","LPAX-294-X-2016","EPIEDMONT",1144.04,75,3.7,277.5,229,0.825225225225225,47.5982532751092,1665,6,0.683502933453081,0,0,229,100,0,0,33,14.410480349345,0,0,0,0,185,80.7860262008734,1,1.25,-2.36,1.4630515116416,0.683502933453081,"MBSS.2005.Fish","EPIEDMONT",3,5,1,1,0,0,3,1,0,0,0,14,2.33333333333333,"Poor"
"MBSS.2005.Fish","LWIN-108-X-2016","EPIEDMONT",411.86,75,3.825,286.875,386,1.34553376906318,29.5336787564767,2367,8.25098039215686,2.20158355316058,0,0,269,69.6891191709845,114,29.5336787564767,238,61.6580310880829,0,0,114,29.5336787564767,185,47.9274611398964,2,1.25,-2.36,0.908437018948843,2.20158355316058,"MBSS.2005.Fish","EPIEDMONT",5,5,3,5,0,0,3,5,0,0,0,26,4.33333333333333,"Good"
"MBSS.2005.Fish","MATT-033-S-2016","COASTAL",40503,75,8.35,626.25,155,0.24750499001996,35.4838709677419,1753,2.79920159680639,0.448767234274795,0,0,141,90.9677419354839,0,0,0,0,0,0,0,0,101,65.1612903225806,2,1.69,-3.33,4.45665335445443,0.448767234274795,"MBSS.2005.Fish","COASTAL",1,5,5,5,1,5,0,0,0,0,0,22,3.66666666666667,"Fair"
"MBSS.2005.Fish","MICR-202-R-2016","COASTAL",2063.598566,75,3.75,281.25,458,1.62844444444444,37.3362445414847,5330,18.9511111111111,0.880391499829906,0,0,458,100,0,0,0,0,0,0,0,0,402,87.7729257641921,2,1.69,-3.33,2.27171661742123,0.880391499829906,"MBSS.2005.Fish","COASTAL",5,5,3,1,1,5,0,0,0,0,0,20,3.33333333333333,"Fair"
"MBSS.2005.Fish","MICR-208-R-2016","COASTAL",2360.495223,75,3.475,260.625,197,0.755875299760192,29.9492385786802,2674,10.2599520383693,0.843748251415533,0,0,192,97.4619289340102,0,0,0,0,0,0,0,0,170,86.2944162436548,2,1.69,-3.33,2.37037528272758,0.843748251415533,"MBSS.2005.Fish","COASTAL",5,5,3,3,1,5,0,0,0,0,0,22,3.66666666666667,"Fair"
"MBSS.2005.Fish","MPAX-104-R-2016","EPIEDMONT",81.396387,75,0.725,54.375,5,0.0919540229885057,100,12,0.220689655172414,0,0,0,5,100,0,0,0,0,0,0,0,0,5,100,0,1.25,-2.36,0.0282564099691935,0,"MBSS.2005.Fish","EPIEDMONT",1,1,1,1,0,0,1,1,0,0,0,6,1,"Very Poor"
"MBSS.2005.Fish","MPAX-313-R-2016","EPIEDMONT",14297.07522,75,11.825,886.875,471,0.53107822410148,31.2101910828025,7457,8.40817477096547,0.70570160965181,0,0,463,98.3014861995754,0,0,206,43.7367303609342,9,1.91082802547771,0,0,272,57.7494692144374,2,1.25,-2.36,2.83405900262406,0.70570160965181,"MBSS.2005.Fish","EPIEDMONT",3,5,3,3,0,0,3,3,0,0,0,20,3.33333333333333,"Fair"
"MBSS.2005.Fish","MPAX-411-R-2016","EPIEDMONT",30832.1063,75,9.025,676.875,648,0.957340720221607,36.2654320987654,12785,18.8882733148661,0.922720896672536,0,0,632,97.5308641975309,3,0.462962962962963,386,59.5679012345679,7,1.08024691358025,0,0,119,18.3641975308642,3,1.25,-2.36,3.2512539932914,0.922720896672536,"MBSS.2005.Fish","EPIEDMONT",3,5,5,3,0,0,5,3,0,0,0,24,4,"Good"
"MBSS.2005.Fish","NANJ-331-S-2016","COASTAL",6272,75,5.2,390,87,0.223076923076923,16.0919540229885,888,2.27692307692308,0.971623343836136,0,0,81,93.1034482758621,0,0,14,16.0919540229885,4,4.59770114942529,0,0,52,59.7701149425287,3,1.69,-3.33,3.08761622395309,0.971623343836136,"MBSS.2005.Fish","COASTAL",1,5,5,3,5,5,0,0,0,0,0,24,4,"Good"
"MBSS.2005.Fish","NANT-109-R-2016","COASTAL",1782.269523,75,2.85,213.75,84,0.392982456140351,29.7619047619048,878,4.10760233918129,0.462076244352161,0,0,78,92.8571428571429,0,0,0,0,11,13.0952380952381,0,0,65,77.3809523809524,1,1.69,-3.33,2.16414501334519,0.462076244352161,"MBSS.2005.Fish","COASTAL",1,5,3,3,5,5,0,0,0,0,0,22,3.66666666666667,"Fair"
"MBSS.2005.Fish","NANT-111-R-2016","COASTAL",1152.448299,75,3.225,241.875,62,0.256330749354005,85.4838709677419,345,1.42635658914729,0,0,0,53,85.4838709677419,0,0,0,0,0,0,0,0,53,85.4838709677419,0,1.69,-3.33,1.84414025257997,0,"MBSS.2005.Fish","COASTAL",1,1,3,5,1,1,0,0,0,0,0,12,2,"Poor"
"MBSS.2005.Fish","NASS-108-S-2016","COASTAL",19606,48,2.075,99.6,398,3.99598393574297,91.7085427135678,411,4.12650602409639,0,0,0,393,98.7437185929648,0,0,0,0,0,0,0,0,392,98.4924623115578,0,1.69,-3.33,3.92413740713026,0,"MBSS.2005.Fish","COASTAL",5,1,1,3,1,1,0,0,0,0,0,12,2,"Poor"
"MBSS.2005.Fish","NASS-302-S-2016","COASTAL",730.9,75,8.15,611.25,350,0.572597137014315,22.2857142857143,4867,7.96237218813906,2.64914705260195,0,0,300,85.7142857142857,0,0,0,0,20,5.71428571428571,0,0,203,58,4,1.69,-3.33,1.50991995558391,2.64914705260195,"MBSS.2005.Fish","COASTAL",3,5,5,5,5,5,0,0,0,0,0,28,4.66666666666667,"Good"
"MBSS.2005.Fish","NEAS-205-R-2016","EPIEDMONT",10643.80077,75,9.025,676.875,470,0.694367497691597,51.4893617021277,6970,10.2973222530009,0.747979262662931,0,0,458,97.4468085106383,0,0,372,79.1489361702128,14,2.97872340425532,0,0,366,77.8723404255319,2,1.25,-2.36,2.67387092107295,0.747979262662931,"MBSS.2005.Fish","EPIEDMONT",3,5,1,3,0,0,5,5,0,0,0,22,3.66666666666667,"Fair"
"MBSS.2005.Fish","NEAS-207-R-2016","EPIEDMONT",15109.03754,75,12.075,905.625,359,0.396411318150449,22.2841225626741,8887,9.81311249137336,0.69831280635209,0,0,339,94.4289693593315,0,0,215,59.8885793871866,17,4.73537604456824,0,0,37,10.3064066852368,2,1.25,-2.36,2.86404600031293,0.69831280635209,"MBSS.2005.Fish","EPIEDMONT",3,5,5,3,0,0,5,3,0,0,0,24,4,"Good"
"MBSS.2005.Fish","NEAS-209-R-2016","EPIEDMONT",11478.00254,75,7.95,596.25,791,1.32662473794549,29.456384323641,7793,13.0700209643606,0.736693592893758,0,0,755,95.448798988622,0,0,539,68.141592920354,0,0,0,0,364,46.0176991150442,2,1.25,-2.36,2.71483289564652,0.736693592893758,"MBSS.2005.Fish","EPIEDMONT",5,5,3,3,0,0,5,5,0,0,0,26,4.33333333333333,"Good"
"MBSS.2005.Fish","PATL-112-X-2016","EPIEDMONT",1094.03,75,6.35,476.25,809,1.69868766404199,72.8059332509271,2566,5.38792650918635,1.39006026662497,0,0,220,27.1940667490729,589,72.8059332509271,600,74.1656365883807,0,0,589,72.8059332509271,135,16.6872682323857,2,1.25,-2.36,1.4387865389865,1.39006026662497,"MBSS.2005.Fish","EPIEDMONT",5,5,5,5,0,0,3,5,0,0,0,28,4.66666666666667,"Good"
"MBSS.2005.Fish","PATL-209-X-2016","EPIEDMONT",4469.33,75,4.55,341.25,259,0.758974358974359,33.976833976834,3094,9.06666666666667,1.36190116021501,0,0,188,72.5868725868726,67,25.8687258687259,130,50.1930501930502,0,0,67,25.8687258687259,27,10.4247104247104,3,1.25,-2.36,2.20280302832429,1.36190116021501,"MBSS.2005.Fish","EPIEDMONT",3,5,5,5,0,0,5,3,0,0,0,26,4.33333333333333,"Good"
"MBSS.2005.Fish","PATL-213-X-2016","EPIEDMONT",6356.35,75,6.425,481.875,1774,3.68145265888457,42.8974069898534,7760,16.1037613488975,1.25312772667656,0,0,971,54.7350620067644,761,42.8974069898534,1125,63.4160090191657,0,0,761,42.8974069898534,585,32.9763246899662,3,1.25,-2.36,2.39400975346412,1.25312772667656,"MBSS.2005.Fish","EPIEDMONT",5,5,5,5,0,0,5,5,0,0,0,30,5,"Good"
"MBSS.2005.Fish","PATL-288-X-2016","EPIEDMONT",1163.5,75,6.625,496.875,1166,2.34666666666667,40.1372212692967,3068,6.17459119496855,1.35850370397266,0,0,689,59.0909090909091,468,40.1372212692967,561,48.1132075471698,2,0.171526586620926,468,40.1372212692967,603,51.7152658662093,2,1.25,-2.36,1.47220798452844,1.35850370397266,"MBSS.2005.Fish","EPIEDMONT",5,5,3,5,0,0,3,3,0,0,0,24,4,"Good"
"MBSS.2005.Fish","PATL-501-X-2016","EPIEDMONT",195370.53,75,20.775,1558.125,408,0.261853188929001,24.5098039215686,15276,9.80409145607702,0.705289276297298,0,0,374,91.6666666666667,0,0,101,24.7549019607843,23,5.63725490196078,0,0,76,18.6274509803922,3,1.25,-2.36,4.25357381831993,0.705289276297298,"MBSS.2005.Fish","EPIEDMONT",3,5,5,3,0,0,5,1,0,0,0,22,3.66666666666667,"Fair"
"MBSS.2005.Fish","PATL-502-X-2016","EPIEDMONT",192607.28,75,14.65,1098.75,294,0.267576791808874,40.1360544217687,8351,7.6004550625711,0.706573818927902,0,0,282,95.9183673469388,2,0.680272108843537,159,54.0816326530612,6,2.04081632653061,2,0.680272108843537,17,5.78231292517007,3,1.25,-2.36,4.2458408727229,0.706573818927902,"MBSS.2005.Fish","EPIEDMONT",3,5,5,3,0,0,3,3,0,0,0,22,3.66666666666667,"Fair"
"MBSS.2005.Fish","PATL-510-X-2016","EPIEDMONT",177784.57,75,33.8,2535,1211,0.477712031558185,13.047068538398,14859,5.86153846153846,1.18980548520375,0,0,1007,83.1544178364988,156,12.8819157720892,771,63.6663914120562,139,11.4781172584641,152,12.5516102394715,173,14.2857142857143,5,1.25,-2.36,4.20236758207898,1.18980548520375,"MBSS.2005.Fish","EPIEDMONT",3,5,5,3,0,0,3,5,0,0,0,24,4,"Good"
"MBSS.2005.Fish","PATL-511-X-2016","EPIEDMONT",166012.11,75,23.4,1755,951,0.541880341880342,21.3459516298633,12610,7.18518518518519,0.96034386952696,0,0,832,87.4868559411146,85,8.93796004206099,327,34.384858044164,18,1.89274447949527,76,7.99158780231335,164,17.2450052576236,4,1.25,-2.36,4.16517471181473,0.96034386952696,"MBSS.2005.Fish","EPIEDMONT",3,5,5,3,0,0,3,3,0,0,0,22,3.66666666666667,"Fair"
"MBSS.2005.Fish","PATL-515-X-2016","EPIEDMONT",193779.42,75,21,1575,397,0.252063492063492,48.6146095717884,841,0.533968253968254,0.470684081567492,0,0,397,100,0,0,130,32.7455919395466,0,0,0,0,24,6.04534005037783,2,1.25,-2.36,4.24913456460969,0.470684081567492,"MBSS.2005.Fish","EPIEDMONT",3,5,5,1,0,0,1,3,0,0,0,18,3,"Fair"
"MBSS.2005.Fish","PATL-516-X-2016","EPIEDMONT",194091.65,75,17.775,1333.125,1215,0.911392405063291,24.6090534979424,40608,30.4607594936709,1.17646821729021,0,0,1152,94.8148148148148,26,2.13991769547325,731,60.1646090534979,16,1.31687242798354,23,1.89300411522634,142,11.6872427983539,5,1.25,-2.36,4.25000856505637,1.17646821729021,"MBSS.2005.Fish","EPIEDMONT",3,5,5,3,0,0,5,3,0,0,0,24,4,"Good"
"MBSS.2005.Fish","PAXL-294-S-2016","COASTAL",470,75,4.625,346.875,202,0.582342342342342,43.5643564356436,803,2.31495495495495,3.3731210390169,0,0,155,76.7326732673267,0,0,37,18.3168316831683,11,5.44554455445545,0,0,105,51.980198019802,4,1.69,-3.33,1.18584537991136,3.3731210390169,"MBSS.2005.Fish","COASTAL",3,5,5,5,5,3,0,0,0,0,0,26,4.33333333333333,"Good"
"MBSS.2005.Fish","PRFR-121-R-2016","HIGHLAND",440.34111,75,1.65,123.75,311,2.51313131313131,69.4533762057878,763,6.16565656565657,0,0,0,311,100,0,0,94,30.2250803858521,0,0,0,0,268,86.1736334405145,0,1.23,-2.35,0.901860756396244,0,"MBSS.2005.Fish","HIGHLAND",5,1,1,1,0,3,0,0,1,0,0,12,2,"Poor"
"MBSS.2005.Fish","PRFR-201-X-2016","HIGHLAND",3074.159173,75,5.2,390,580,1.48717948717949,16.7241379310345,6260,16.0512820512821,0.515489582754949,0,0,487,83.9655172413793,21,3.62068965517241,158,27.2413793103448,0,0,0,0,196,33.7931034482759,1,1.23,-2.35,1.93990341115269,0.515489582754949,"MBSS.2005.Fish","HIGHLAND",5,5,5,3,0,5,0,0,3,0,0,26,4.33333333333333,"Good"
"MBSS.2005.Fish","PRFR-202-X-2016","HIGHLAND",2917.81584,75,5.8,435,893,2.05287356321839,41.8812989921613,12515,28.7701149425287,1.04601351230366,0,0,796,89.1377379619261,7,0.783874580067189,133,14.8936170212766,0,0,0,0,587,65.7334826427771,2,1.23,-2.35,1.91202118947332,1.04601351230366,"MBSS.2005.Fish","HIGHLAND",5,5,3,3,0,3,0,0,1,0,0,20,3.33333333333333,"Fair"
"MBSS.2005.Fish","PRFR-203-X-2016","HIGHLAND",2775.705754,75,3.375,253.125,933,3.68592592592593,22.0793140407288,8247,32.5807407407407,0,0,0,748,80.1714898177921,0,0,375,40.1929260450161,0,0,0,0,340,36.4415862808146,0,1.23,-2.35,1.88534931360156,0,"MBSS.2005.Fish","HIGHLAND",5,1,5,3,0,5,0,0,1,0,0,20,3.33333333333333,"Fair"
"MBSS.2005.Fish","PRFR-204-X-2016","HIGHLAND",2603.350017,75,4.825,361.875,369,1.01968911917098,38.4823848238482,2875,7.9447322970639,0.540217854778534,0,0,324,87.8048780487805,1,0.2710027100271,21,5.69105691056911,0,0,0,0,253,68.5636856368564,1,1.23,-2.35,1.8511050517017,0.540217854778534,"MBSS.2005.Fish","HIGHLAND",5,5,3,3,0,3,0,0,1,0,0,20,3.33333333333333,"Fair"
"MBSS.2005.Fish","PRFR-205-X-2016","HIGHLAND",1660.842126,75,1.6,120,488,4.06666666666667,22.3360655737705,6472,53.9333333333333,0,0,0,402,82.3770491803279,0,0,88,18.0327868852459,0,0,0,0,220,45.0819672131148,0,1.23,-2.35,1.61100387278532,0,"MBSS.2005.Fish","HIGHLAND",5,1,3,3,0,5,0,0,1,0,0,18,3,"Fair"
"MBSS.2005.Fish","PRFR-206-X-2016","HIGHLAND",1655.949447,75,2.2,165,173,1.04848484848485,20.8092485549133,4386,26.5818181818182,0,0,0,134,77.4566473988439,0,0,39,22.5433526011561,0,0,0,0,56,32.3699421965318,0,1.23,-2.35,1.60942790158988,0,"MBSS.2005.Fish","HIGHLAND",5,1,5,3,0,5,0,0,1,0,0,20,3.33333333333333,"Fair"
"MBSS.2005.Fish","PRFR-209-R-2016","HIGHLAND",6993.862236,75,6.8,510,325,0.637254901960784,58.4615384615385,758,1.48627450980392,0.840688658424914,0,0,280,86.1538461538462,42,12.9230769230769,109,33.5384615384615,0,0,0,0,203,62.4615384615385,2,1.23,-2.35,2.37900200027336,0.840688658424914,"MBSS.2005.Fish","HIGHLAND",3,5,3,3,0,3,0,0,3,0,0,20,3.33333333333333,"Fair"
"MBSS.2005.Fish","PRFR-241-R-2016","HIGHLAND",6262.851514,75,7.65,573.75,737,1.28453159041394,48.3039348710991,3579,6.23790849673203,0.862057929090423,0,0,570,77.3405698778833,116,15.7394843962008,292,39.6200814111262,2,0.271370420624152,0,0,426,57.8018995929444,2,1.23,-2.35,2.3200297016121,0.862057929090423,"MBSS.2005.Fish","HIGHLAND",5,5,3,3,0,3,0,0,3,0,0,22,3.66666666666667,"Fair"
"MBSS.2005.Fish","PRLN-218-R-2016","COLD",914.930973,75,2.35,176.25,183,1.03829787234043,100,353,2.00283687943262,0,0,0,183,100,0,0,0,0,0,0,0,0,183,100,0,NA,NA,NA,NA,"MBSS.2005.Fish","COLD",3,0,1,0,0,0,0,0,0,1,1,6,1.5,"Very Poor"
"MBSS.2005.Fish","PRLN-626-S-2016","COLD",271.85,75,2.6,195,114,0.584615384615385,75.4385964912281,634,3.25128205128205,0,5,4.3859649122807,91,79.8245614035088,23,20.1754385964912,28,24.5614035087719,0,0,23,20.1754385964912,86,75.4385964912281,1,NA,NA,NA,NA,"MBSS.2005.Fish","COLD",5,0,3,0,0,0,0,0,0,3,3,14,3.5,"Fair"
"MBSS.2005.Fish","PRMO-110-R-2016","HIGHLAND",1572.106721,75,3.725,279.375,365,1.30648769574944,35.8904109589041,1373,4.91454138702461,2.52896792081372,0,0,209,57.2602739726027,137,37.5342465753425,190,52.0547945205479,0,0,98,26.8493150684932,213,58.3561643835616,4,1.23,-2.35,1.58167288998785,2.52896792081372,"MBSS.2005.Fish","HIGHLAND",5,5,3,5,0,5,0,0,5,0,0,28,4.66666666666667,"Good"
"MBSS.2005.Fish","PRMO-222-R-2016","HIGHLAND",6891.560766,75,7.65,573.75,532,0.92723311546841,17.6691729323308,3656,6.37211328976035,2.10869866258823,0,0,401,75.3759398496241,58,10.9022556390977,217,40.7894736842105,6,1.12781954887218,10,1.8796992481203,258,48.4962406015038,5,1.23,-2.35,2.37113063554703,2.10869866258823,"MBSS.2005.Fish","HIGHLAND",5,5,3,3,0,5,0,0,3,0,0,24,4,"Good"
"MBSS.2005.Fish","PRMO-313-R-2016","HIGHLAND",3803.168344,75,4.95,371.25,193,0.51986531986532,52.8497409326425,700,1.88552188552189,0,0,0,188,97.4093264248705,0,0,5,2.59067357512953,0,0,0,0,127,65.8031088082902,0,1.23,-2.35,2.0535790258992,0,"MBSS.2005.Fish","HIGHLAND",3,1,3,1,0,3,0,0,1,0,0,12,2,"Poor"
"MBSS.2005.Fish","PRMT-177-S-2016","COASTAL",2329,75,1.5,112.5,211,1.87555555555556,18.957345971564,1331,11.8311111111111,0.847272219679179,0,0,196,92.8909952606635,0,0,66,31.2796208530806,40,18.957345971564,0,0,81,38.3886255924171,2,1.69,-3.33,2.36051643562361,0.847272219679179,"MBSS.2005.Fish","COASTAL",5,5,5,3,5,5,0,0,0,0,0,28,4.66666666666667,"Good"
"MBSS.2005.Fish","PRUN-101-X-2016","COLD",537.749901,75,1.875,140.625,9,0.064,100,198,1.408,0,9,100,9,100,0,0,9,100,0,0,0,0,0,0,0,NA,NA,NA,NA,"MBSS.2005.Fish","COLD",5,0,5,0,0,0,0,0,0,5,1,16,4,"Good"
"MBSS.2005.Fish","PRUN-201-X-2016","COLD",3340.142995,75,4.65,348.75,23,0.0659498207885305,100,642,1.84086021505376,0,23,100,23,100,0,0,23,100,0,0,0,0,0,0,0,NA,NA,NA,NA,"MBSS.2005.Fish","COLD",5,0,5,0,0,0,0,0,0,5,1,16,4,"Good"
"MBSS.2005.Fish","PRUN-202-X-2016","COLD",2898.689913,75,3.9,292.5,19,0.064957264957265,100,48,0.164102564102564,0,19,100,19,100,0,0,19,100,0,0,0,0,0,0,0,NA,NA,NA,NA,"MBSS.2005.Fish","COLD",5,0,5,0,0,0,0,0,0,5,1,16,4,"Good"
"MBSS.2005.Fish","PRUN-306-R-2016","COLD",6499.924051,75,3.4,255,43,0.168627450980392,51.1627906976744,1449,5.68235294117647,0,20,46.5116279069767,42,97.6744186046512,0,0,21,48.8372093023256,0,0,0,0,22,51.1627906976744,0,NA,NA,NA,NA,"MBSS.2005.Fish","COLD",5,0,3,0,0,0,0,0,0,5,1,14,3.5,"Fair"
"MBSS.2005.Fish","PTOB-002-S-2016","COASTAL",673,75,3.275,245.625,200,0.814249363867684,29,1016,4.13638676844784,1.37993325760771,0,0,195,97.5,0,0,41,20.5,28,14,0,0,137,68.5,2,1.69,-3.33,1.44934545853852,1.37993325760771,"MBSS.2005.Fish","COASTAL",5,5,3,3,5,5,0,0,0,0,0,26,4.33333333333333,"Good"
"MBSS.2005.Fish","RKGR-101-R-2016","EPIEDMONT",872.0088345,75,4.6,345,126,0.365217391304348,30.1587301587302,1614,4.67826086956522,1.52015985904229,0,0,84,66.6666666666667,38,30.1587301587302,57,45.2380952380952,0,0,38,30.1587301587302,74,58.7301587301587,2,1.25,-2.36,1.31565110610144,1.52015985904229,"MBSS.2005.Fish","EPIEDMONT",3,5,3,5,0,0,3,3,0,0,0,22,3.66666666666667,"Fair"
"MBSS.2005.Fish","RKGR-107-R-2016","EPIEDMONT",848.212623,75,4.4,330,120,0.363636363636364,38.3333333333333,715,2.16666666666667,0.768857628362207,0,0,106,88.3333333333333,9,7.5,38,31.6666666666667,0,0,9,7.5,64,53.3333333333333,1,1.25,-2.36,1.30063091411366,0.768857628362207,"MBSS.2005.Fish","EPIEDMONT",3,5,3,3,0,0,1,1,0,0,0,16,2.66666666666667,"Poor"
"MBSS.2005.Fish","RKGR-119-S-2016","EPIEDMONT",10846.18,75,3.3,247.5,176,0.711111111111111,35.2272727272727,925,3.73737373737374,0.745129828790716,0,0,89,50.5681818181818,62,35.2272727272727,91,51.7045454545455,0,0,62,35.2272727272727,103,58.5227272727273,2,1.25,-2.36,2.68409600947775,0.745129828790716,"MBSS.2005.Fish","EPIEDMONT",3,5,3,5,0,0,1,3,0,0,0,20,3.33333333333333,"Fair"
"MBSS.2005.Fish","SAVA-105-R-2016","COLD",318.6913185,75,2.825,211.875,72,0.339823008849558,100,1473,6.95221238938053,0,72,100,72,100,0,0,72,100,0,0,0,0,0,0,0,NA,NA,NA,NA,"MBSS.2005.Fish","COLD",5,0,5,0,0,0,0,0,0,5,1,16,4,"Good"
"MBSS.2005.Fish","SAVA-116-R-2016","COLD",315.355401,75,2.2,165,2,0.0121212121212121,100,5,0.0303030303030303,0,2,100,2,100,0,0,2,100,0,0,0,0,0,0,0,NA,NA,NA,NA,"MBSS.2005.Fish","COLD",5,0,5,0,0,0,0,0,0,5,1,16,4,"Good"
"MBSS.2005.Fish","SAVA-118-R-2016","COLD",259.9791705,75,2.9,217.5,2,0.00919540229885057,100,75,0.344827586206897,0,2,100,2,100,0,0,2,100,0,0,0,0,0,0,0,NA,NA,NA,NA,"MBSS.2005.Fish","COLD",5,0,5,0,0,0,0,0,0,5,1,16,4,"Good"
"MBSS.2005.Fish","SAVA-119-R-2016","COLD",681.6391425,75,3.875,290.625,2,0.00688172043010753,100,56,0.192688172043011,0,2,100,2,100,0,0,2,100,0,0,0,0,0,0,0,NA,NA,NA,NA,"MBSS.2005.Fish","COLD",5,0,5,0,0,0,0,0,0,5,1,16,4,"Good"
"MBSS.2005.Fish","SAVA-204-S-2016","COLD",15095.69,75,9.875,740.625,293,0.395611814345992,41.9795221843003,3192,4.30987341772152,0,69,23.5494880546075,138,47.098976109215,155,52.901023890785,227,77.4744027303754,0,0,130,44.3686006825939,25,8.53242320819113,3,NA,NA,NA,NA,"MBSS.2005.Fish","COLD",5,0,5,0,0,0,0,0,0,5,5,20,5,"Good"
"MBSS.2005.Fish","SAVA-214-R-2016","COLD",1244.519622,75,7.15,536.25,77,0.143589743589744,59.7402597402597,858,1.6,0,46,59.7402597402597,48,62.3376623376623,29,37.6623376623377,75,97.4025974025974,0,0,29,37.6623376623377,1,1.2987012987013,1,NA,NA,NA,NA,"MBSS.2005.Fish","COLD",5,0,5,0,0,0,0,0,0,5,3,18,4.5,"Good"
"MBSS.2005.Fish","SAVA-225-S-2016","HIGHLAND",2711.94,75,7.775,583.125,399,0.684244372990354,38.5964912280702,3733,6.40171489817792,1.60176450850791,30,7.5187969924812,215,53.8847117794486,183,45.8646616541353,250,62.65664160401,0,0,161,40.3508771929825,78,19.5488721804511,3,1.23,-2.35,1.8729344944686,1.60176450850791,"MBSS.2005.Fish","HIGHLAND",5,5,5,5,0,3,0,0,5,0,0,28,4.66666666666667,"Good"
"MBSS.2005.Fish","SAVA-276-S-2016","COLD",252,75,3,225,9,0.04,100,42,0.186666666666667,0,0,0,0,0,9,100,9,100,0,0,9,100,0,0,1,NA,NA,NA,NA,"MBSS.2005.Fish","COLD",5,0,5,0,0,0,0,0,0,1,5,16,4,"Good"
"MBSS.2005.Fish","SBPA-108-X-2016","EPIEDMONT",424.521,75,3.35,251.25,164,0.65273631840796,55.4878048780488,1199,4.77213930348259,0,0,0,164,100,0,0,27,16.4634146341463,0,0,0,0,110,67.0731707317073,0,1.25,-2.36,0.924873973226554,0,"MBSS.2005.Fish","EPIEDMONT",3,1,3,1,0,0,3,1,0,0,0,12,2,"Poor"
"MBSS.2005.Fish","SBPA-201-X-2016","EPIEDMONT",7895.33,75,4.325,324.375,723,2.22890173410405,34.3015214384509,4463,13.7587668593449,1.19440404572691,0,0,464,64.1770401106501,248,34.3015214384509,421,58.2295988934993,16,2.21300138312586,248,34.3015214384509,58,8.02213001383126,3,1.25,-2.36,2.51171285858648,1.19440404572691,"MBSS.2005.Fish","EPIEDMONT",5,5,5,5,0,0,5,3,0,0,0,28,4.66666666666667,"Good"
"MBSS.2005.Fish","SBPA-204-X-2016","EPIEDMONT",7479.36,75,6.225,466.875,961,2.05836680053548,36.0041623309053,12960,27.7590361445783,1.2085417084945,0,0,572,59.5213319458897,346,36.0041623309053,613,63.7877211238293,21,2.18522372528616,346,36.0041623309053,109,11.3423517169615,3,1.25,-2.36,2.48233054673567,1.2085417084945,"MBSS.2005.Fish","EPIEDMONT",5,5,5,5,0,0,5,5,0,0,0,30,5,"Good"
"MBSS.2005.Fish","SBPA-205-X-2016","EPIEDMONT",7055.21,75,5.975,448.125,856,1.91018131101813,29.9065420560748,6553,14.6231520223152,0.408057098600574,0,0,763,89.1355140186916,81,9.46261682242991,419,48.9485981308411,0,0,81,9.46261682242991,195,22.7803738317757,1,1.25,-2.36,2.45063743145135,0.408057098600574,"MBSS.2005.Fish","EPIEDMONT",5,5,5,3,0,0,5,3,0,0,0,26,4.33333333333333,"Good"
"MBSS.2005.Fish","SBPA-206-X-2016","EPIEDMONT",7073.373,75,9.825,736.875,494,0.670398642917727,31.5789473684211,6595,8.94995759117896,0.815649641149783,0,0,490,99.1902834008097,3,0.607287449392713,203,41.0931174089069,0,0,3,0.607287449392713,74,14.9797570850202,2,1.25,-2.36,2.45203320040783,0.815649641149783,"MBSS.2005.Fish","EPIEDMONT",3,5,5,3,0,0,5,3,0,0,0,24,4,"Good"
"MBSS.2005.Fish","SBPA-207-X-2016","EPIEDMONT",1415.426,75,1.925,144.375,734,5.08398268398268,29.291553133515,5290,36.6406926406926,1.90040730405973,0,0,588,80.1089918256131,121,16.4850136239782,362,49.3188010899183,2,0.272479564032698,121,16.4850136239782,286,38.9645776566758,3,1.25,-2.36,1.57860896113758,1.90040730405973,"MBSS.2005.Fish","EPIEDMONT",5,5,5,3,0,0,5,3,0,0,0,26,4.33333333333333,"Good"
"MBSS.2005.Fish","SBPA-302-X-2016","EPIEDMONT",9656.84,75,6.5,487.5,1148,2.35487179487179,31.4459930313589,4353,8.92923076923077,1.14458217217486,0,0,770,67.0731707317073,361,31.4459930313589,556,48.4320557491289,6,0.522648083623693,361,31.4459930313589,223,19.4250871080139,3,1.25,-2.36,2.62104379478461,1.14458217217486,"MBSS.2005.Fish","EPIEDMONT",5,5,5,5,0,0,5,3,0,0,0,28,4.66666666666667,"Good"
"MBSS.2005.Fish","SBPA-303-X-2016","EPIEDMONT",9489.71,75,9.275,695.625,1746,2.5099730458221,24.5131729667812,5364,7.71105121293801,1.14873596828841,0,0,1336,76.5177548682703,352,20.1603665521191,686,39.2898052691867,5,0.286368843069874,352,20.1603665521191,512,29.3241695303551,3,1.25,-2.36,2.61156617605517,1.14873596828841,"MBSS.2005.Fish","EPIEDMONT",5,5,5,5,0,0,3,3,0,0,0,26,4.33333333333333,"Good"
"MBSS.2005.Fish","SOUT-101-R-2016","COASTAL",657.6205365,75,1,75,54,0.72,42.5925925925926,471,6.28,0.698139556319265,0,0,54,100,0,0,0,0,2,3.7037037037037,0,0,28,51.8518518518518,1,1.69,-3.33,1.43237837041093,0.698139556319265,"MBSS.2005.Fish","COASTAL",5,5,5,1,5,3,0,0,0,0,0,24,4,"Good"
"MBSS.2005.Fish","SOUT-105-R-2016","COASTAL",91.8489285,75,1.225,91.875,1,0.0108843537414966,100,42,0.457142857142857,0,0,0,1,100,0,0,0,0,0,0,0,0,0,0,0,1.69,-3.33,-0.012404780738887,0,"MBSS.2005.Fish","COASTAL",1,1,5,1,1,1,0,0,0,0,0,10,1.66666666666667,"Very Poor"
"MBSS.2005.Fish","STCL-051-S-2016","COASTAL",1049,75,1.65,123.75,200,1.61616161616162,66.5,840,6.78787878787879,1.12669037530066,0,0,187,93.5,0,0,2,1,3,1.5,0,0,180,90,2,1.69,-3.33,1.77511057504711,1.12669037530066,"MBSS.2005.Fish","COASTAL",5,5,3,3,3,3,0,0,0,0,0,22,3.66666666666667,"Fair"
"MBSS.2005.Fish","SWAN-202-R-2016","COASTAL",2629.592568,75,4.6,345,598,1.73333333333333,48.1605351170569,2134,6.18550724637681,0.408227998013508,0,0,595,99.4983277591973,0,0,182,30.4347826086957,8,1.33779264214047,0,0,516,86.2876254180602,1,1.69,-3.33,2.44961150353756,0.408227998013508,"MBSS.2005.Fish","COASTAL",5,5,3,3,3,3,0,0,0,0,0,22,3.66666666666667,"Fair"
"MBSS.2005.Fish","TOWN-104-R-2016","HIGHLAND",702.76662,75,2.2,165,3,0.0181818181818182,100,4,0.0242424242424242,0,0,0,3,100,0,0,0,0,0,0,0,0,3,100,0,1.23,-2.35,1.1515776839952,0,"MBSS.2005.Fish","HIGHLAND",1,1,1,1,0,1,0,0,1,0,0,6,1,"Very Poor"
"MBSS.2005.Fish","TOWN-201-R-2016","HIGHLAND",2812.845636,75,5.225,391.875,22,0.056140350877193,31.8181818181818,149,0.380223285486443,0,0,0,20,90.9090909090909,0,0,6,27.2727272727273,7,31.8181818181818,0,0,12,54.5454545454545,0,1.23,-2.35,1.89244945639127,0,"MBSS.2005.Fish","HIGHLAND",1,1,3,3,0,5,0,0,1,0,0,14,2.33333333333333,"Poor"
"MBSS.2005.Fish","TOWN-417-R-2016","HIGHLAND",104835.2105,75,21.125,1584.375,767,0.484102564102564,22.2946544980443,5899,3.72323471400394,1.56853566764878,0,0,332,43.2855280312907,263,34.2894393741851,362,47.1968709256845,7,0.91264667535854,1,0.130378096479791,61,7.95306388526727,6,1.23,-2.35,3.82522382101387,1.56853566764878,"MBSS.2005.Fish","HIGHLAND",3,5,5,5,0,5,0,0,5,0,0,28,4.66666666666667,"Good"
"MBSS.2005.Fish","TUCK-203-R-2016","COASTAL",1074.165435,75,2.425,181.875,157,0.863230240549828,22.2929936305732,1343,7.38419243986254,2.2315074217915,0,0,131,83.4394904458599,0,0,13,8.28025477707006,2,1.27388535031847,0,0,101,64.3312101910828,4,1.69,-3.33,1.79251028293185,2.2315074217915,"MBSS.2005.Fish","COASTAL",5,5,5,5,3,5,0,0,0,0,0,28,4.66666666666667,"Good"
"MBSS.2005.Fish","TUCK-206-R-2016","COASTAL",4233.724096,75,5.5,412.5,172,0.416969696969697,15.1162790697674,4456,10.8024242424242,0.357249890024715,0,0,154,89.5348837209302,0,0,57,33.1395348837209,9,5.23255813953488,0,0,93,54.0697674418605,1,1.69,-3.33,2.79916111361383,0.357249890024715,"MBSS.2005.Fish","COASTAL",1,5,5,5,5,5,0,0,0,0,0,26,4.33333333333333,"Good"
"MBSS.2005.Fish","TUCK-307-R-2016","COASTAL",22199.64138,75,11.275,845.625,100,0.118255728011826,23,3003,3.55121951219512,0.747137590682189,0,0,72,72,0,0,1,1,1,1,0,0,53,53,3,1.69,-3.33,4.01532467033387,0.747137590682189,"MBSS.2005.Fish","COASTAL",1,5,5,5,3,5,0,0,0,0,0,24,4,"Good"
"MBSS.2005.Fish","TUCK-309-R-2016","COASTAL",23269.13654,75,11.6,870,204,0.23448275862069,15.1960784313725,4993,5.73908045977011,0.98768879183638,0,0,179,87.7450980392157,0,0,38,18.6274509803922,11,5.3921568627451,0,0,46,22.5490196078431,4,1.69,-3.33,4.0498586529092,0.98768879183638,"MBSS.2005.Fish","COASTAL",1,5,5,5,5,5,0,0,0,0,0,26,4.33333333333333,"Good"
"MBSS.2005.Fish","UMON-119-S-2016","COLD",833.22,75,3.725,279.375,132,0.47248322147651,57.5757575757576,1345,4.81431767337808,0,56,42.4242424242424,132,100,0,0,56,42.4242424242424,0,0,0,0,76,57.5757575757576,0,NA,NA,NA,NA,"MBSS.2005.Fish","COLD",5,0,3,0,0,0,0,0,0,5,1,14,3.5,"Fair"
"MBSS.2005.Fish","UMON-130-R-2016","HIGHLAND",833.3121915,75,3.85,288.75,1,0.00346320346320346,100,32,0.110822510822511,0,0,0,1,100,0,0,1,100,0,0,0,0,1,100,0,1.23,-2.35,1.24259351487993,0,"MBSS.2005.Fish","HIGHLAND",1,1,1,1,0,1,0,0,1,0,0,6,1,"Very Poor"
"MBSS.2005.Fish","UMON-288-S-2016","COLD",471,75,2.8,210,53,0.252380952380952,100,1336,6.36190476190476,0,53,100,53,100,0,0,53,100,0,0,0,0,0,0,0,NA,NA,NA,NA,"MBSS.2005.Fish","COLD",5,0,5,0,0,0,0,0,0,5,1,16,4,"Good"
"MBSS.2005.Fish","UMON-298-X-2016","HIGHLAND",3666.04,75,4.725,354.375,1615,4.55731922398589,41.609907120743,4424,12.483950617284,1.96660454249139,0,0,843,52.1981424148607,772,47.8018575851393,802,49.6594427244582,0,0,674,41.733746130031,745,46.1300309597523,4,1.23,-2.35,2.03396255504047,1.96660454249139,"MBSS.2005.Fish","HIGHLAND",5,5,3,5,0,3,0,0,5,0,0,26,4.33333333333333,"Good"
"MBSS.2005.Fish","UMON-299-X-2016","HIGHLAND",3745.3,75,4.3,322.5,921,2.85581395348837,40.499457111835,3709,11.5007751937985,1.9556186706497,0,0,491,53.3116178067318,426,46.2540716612378,469,50.9229098805646,1,0.1085776330076,393,42.671009771987,401,43.5396308360478,4,1.23,-2.35,2.04538853102232,1.9556186706497,"MBSS.2005.Fish","HIGHLAND",5,5,3,5,0,3,0,0,5,0,0,26,4.33333333333333,"Good"
"MBSS.2005.Fish","UPCK-108-R-2016","COASTAL",370.7316315,75,3.775,283.125,904,3.19293598233996,49.3362831858407,1197,4.22781456953642,0.988424759603997,0,0,902,99.7787610619469,0,0,0,0,0,0,0,0,445,49.2256637168142,1,1.69,-3.33,1.01171079567112,0.988424759603997,"MBSS.2005.Fish","COASTAL",5,5,5,3,1,3,0,0,0,0,0,22,3.66666666666667,"Fair"
"MBSS.2005.Fish","UPCK-113-S-2016","COASTAL",10630,75,1.9,142.5,95,0.666666666666667,33.6842105263158,790,5.54385964912281,0,0,0,89,93.6842105263158,0,0,0,0,1,1.05263157894737,0,0,86,90.5263157894737,0,1.69,-3.33,3.47484121704437,0,"MBSS.2005.Fish","COASTAL",3,1,3,3,3,5,0,0,0,0,0,18,3,"Fair"
"MBSS.2005.Fish","UPCK-202-R-2016","COASTAL",10850.62766,75,6.75,506.25,276,0.545185185185185,33.695652173913,7874,15.5535802469136,1.43269812521388,0,0,241,87.3188405797101,1,0.36231884057971,16,5.79710144927536,0,0,0,0,76,27.536231884058,5,1.69,-3.33,3.48991871490973,1.43269812521388,"MBSS.2005.Fish","COASTAL",3,5,5,5,1,5,0,0,0,0,0,24,4,"Good"
"MBSS.2005.Fish","UPCR-208-S-2016","COASTAL",13675,75,4.3,322.5,40,0.124031007751938,22.5,514,1.5937984496124,0.546490314087366,0,0,30,75,0,0,0,0,1,2.5,0,0,30,75,2,1.69,-3.33,3.65971719615924,0.546490314087366,"MBSS.2005.Fish","COASTAL",1,5,3,5,5,5,0,0,0,0,0,24,4,"Good"
"MBSS.2005.Fish","WEST-110-X-2016","COASTAL",2595.788604,75,2.475,185.625,25,0.134680134680135,48,118,0.635690235690236,0,0,0,25,100,0,0,0,0,0,0,0,0,3,12,0,1.69,-3.33,2.44011515327811,0,"MBSS.2005.Fish","COASTAL",1,1,5,1,1,3,0,0,0,0,0,12,2,"Poor"
"MBSS.2005.Fish","WIRH-220-S-2016","COASTAL",5706.52,75,10.7,802.5,138,0.17196261682243,21.7391304347826,2625,3.27102803738318,1.32526355138907,0,0,99,71.7391304347826,0,0,0,0,1,0.72463768115942,0,0,62,44.9275362318841,4,1.69,-3.33,3.01826757085971,1.32526355138907,"MBSS.2005.Fish","COASTAL",1,5,5,5,3,5,0,0,0,0,0,24,4,"Good"
"MBSS.2005.Fish","YOUG-432-S-2016","COLD",3723,75,5.3,397.5,151,0.379874213836478,80.794701986755,1979,4.97861635220126,0,22,14.5695364238411,29,19.205298013245,122,80.794701986755,145,96.0264900662252,0,0,122,80.794701986755,7,4.63576158940397,1,NA,NA,NA,NA,"MBSS.2005.Fish","COLD",5,0,5,0,0,0,0,0,0,5,5,20,5,"Good"
"MBSS.2005.Fish","ZEKI-201-X-2016","COASTAL",3459.568842,75,4.85,363.75,138,0.379381443298969,39.1304347826087,1557,4.28041237113402,1.13167099914841,0,0,124,89.8550724637681,0,0,20,14.4927536231884,0,0,0,0,68,49.2753623188406,3,1.69,-3.33,2.65094714122526,1.13167099914841,"MBSS.2005.Fish","COASTAL",1,5,5,5,1,5,0,0,0,0,0,22,3.66666666666667,"Fair"
"MBSS.2005.Fish","ZEKI-301-X-2016","COASTAL",8526.382735,75,6.425,481.875,205,0.425421530479896,23.9024390243902,1800,3.73540856031128,1.20736764045316,0,0,176,85.8536585365854,0,0,4,1.95121951219512,27,13.1707317073171,0,0,87,42.4390243902439,4,1.69,-3.33,3.3129925517125,1.20736764045316,"MBSS.2005.Fish","COASTAL",1,5,5,5,5,5,0,0,0,0,0,26,4.33333333333333,"Good"
