<?xml version="1.0" encoding="UTF-8"?>
<metadata xml:lang="en"><Esri><CreaDate>20200430</CreaDate><CreaTime>13561200</CreaTime><SyncOnce>FALSE</SyncOnce><DataProperties><itemProps><itemName Sync="TRUE">mbss_strata_coldstreams</itemName><imsContentType Sync="TRUE">002</imsContentType><itemSize Sync="TRUE">0.267</itemSize><itemLocation><linkage Sync="TRUE">file://\\tawesdata\ras\common\manta\m2\GIS\Strata\github\mbss_strata_coldstreams</linkage><protocol Sync="TRUE">Local Area Network</protocol></itemLocation><nativeExtBox><westBL Sync="TRUE">185458.519416</westBL><eastBL Sync="TRUE">370543.008406</eastBL><southBL Sync="TRUE">174731.700770</southBL><northBL Sync="TRUE">230905.071476</northBL><exTypeCode Sync="TRUE">1</exTypeCode></nativeExtBox></itemProps><lineage><Process ToolSource="c:\program files\arcgis\desktop10.0\ArcToolbox\Toolboxes\Data Management Tools.tbx\Merge" Date="20140408" Time="113438" Name="" export="">Merge WesternColdStreams;CatoctinColdStreams "D:\GIS\2014\Strata work\Strata_ColdStreams.shp" "ID "ID" true true false 16 Text 0 0 ,First,#,WesternColdStreams,ID,-1,-1,CatoctinColdStreams,ID,-1,-1;STR_ORDER "STR_ORDER" true true false 10 Text 0 0 ,First,#,WesternColdStreams,STR_ORDER,-1,-1,CatoctinColdStreams,STR_ORDER,-1,-1;TIDAL "TIDAL" true true false 10 Text 0 0 ,First,#,WesternColdStreams,TIDAL,-1,-1,CatoctinColdStreams,TIDAL,-1,-1;PSUSHORT "PSUSHORT" true true false 8 Text 0 0 ,First,#,WesternColdStreams,PSUSHORT,-1,-1,CatoctinColdStreams,PSUSHORT,-1,-1;PSU_NUM "PSU_NUM" true true false 25 Text 0 0 ,First,#,WesternColdStreams,PSU_NUM,-1,-1,CatoctinColdStreams,PSU_NUM,-1,-1;PSUNAME "PSUNAME" true true false 120 Text 0 0 ,First,#,WesternColdStreams,PSUNAME,-1,-1,CatoctinColdStreams,PSUNAME,-1,-1;MDE6DIGT "MDE6DIGT" true true false 6 Text 0 0 ,First,#,WesternColdStreams,MDE6DIGT,-1,-1,CatoctinColdStreams,MDE6DIGT,-1,-1;MDE6NAME "MDE6NAME" true true false 30 Text 0 0 ,First,#,WesternColdStreams,MDE6NAME,-1,-1,CatoctinColdStreams,MDE6NAME,-1,-1;MDE8DIGT "MDE8DIGT" true true false 8 Text 0 0 ,First,#,WesternColdStreams,MDE8DIGT,-1,-1,CatoctinColdStreams,MDE8DIGT,-1,-1;MDE8NAME "MDE8NAME" true true false 25 Text 0 0 ,First,#,WesternColdStreams,MDE8NAME,-1,-1,CatoctinColdStreams,MDE8NAME,-1,-1;DNR12DIG "DNR12DIG" true true false 12 Text 0 0 ,First,#,WesternColdStreams,DNR12DIG,-1,-1,CatoctinColdStreams,DNR12DIG,-1,-1;COUNTY1 "COUNTY1" true true false 20 Text 0 0 ,First,#,WesternColdStreams,COUNTY1,-1,-1,CatoctinColdStreams,COUNTY1,-1,-1;COUNTY2 "COUNTY2" true true false 20 Text 0 0 ,First,#,WesternColdStreams,COUNTY2,-1,-1,CatoctinColdStreams,COUNTY2,-1,-1;LENGTH "LENGTH" true true false 16 Double 3 15 ,First,#,WesternColdStreams,LENGTH,-1,-1,CatoctinColdStreams,LENGTH,-1,-1;BRAID "BRAID" true true false 5 Text 0 0 ,First,#,WesternColdStreams,BRAID,-1,-1,CatoctinColdStreams,BRAID,-1,-1;LENGTH_1 "LENGTH_1" true true false 9 Double 3 8 ,First,#,WesternColdStreams,LENGTH_1,-1,-1,CatoctinColdStreams,LENGTH_1,-1,-1;TYPE "TYPE" true true false 2 Text 0 0 ,First,#,WesternColdStreams,TYPE,-1,-1,CatoctinColdStreams,TYPE,-1,-1;BIOSCORE "BIOSCORE" true true false 16 Text 0 0 ,First,#,WesternColdStreams,BIOSCORE,-1,-1,CatoctinColdStreams,BIOSCORE,-1,-1"</Process><Process ToolSource="c:\program files\arcgis\desktop10.0\ArcToolbox\Toolboxes\Data Management Tools.tbx\DefineProjection" Date="20140408" Time="113652" Name="" export="">DefineProjection Strata_ColdStreams PROJCS['NAD_1983_StatePlane_Maryland_FIPS_1900',GEOGCS['GCS_North_American_1983',DATUM['D_North_American_1983',SPHEROID['GRS_1980',6378137.0,298.257222101]],PRIMEM['Greenwich',0.0],UNIT['Degree',0.0174532925199433]],PROJECTION['Lambert_Conformal_Conic'],PARAMETER['False_Easting',400000.0],PARAMETER['False_Northing',0.0],PARAMETER['Central_Meridian',-77.0],PARAMETER['Standard_Parallel_1',38.3],PARAMETER['Standard_Parallel_2',39.45],PARAMETER['Latitude_Of_Origin',37.66666666666666],UNIT['Meter',1.0]]</Process></lineage><copyHistory><copy source="X:\m2\GIS\Strata\mbss_strata_coldstreams" dest="\\tawesdata\ras\common\manta\m2\GIS\Strata\github\mbss_strata_coldstreams" date="20200430" time="13595900"/></copyHistory><coordRef><type Sync="TRUE">Projected</type><geogcsn Sync="TRUE">GCS_North_American_1983</geogcsn><csUnits Sync="TRUE">Linear Unit: Meter (1.000000)</csUnits><projcsn Sync="TRUE">NAD_1983_StatePlane_Maryland_FIPS_1900</projcsn><peXml Sync="TRUE">&lt;ProjectedCoordinateSystem xsi:type='typens:ProjectedCoordinateSystem' xmlns:xsi='http://www.w3.org/2001/XMLSchema-instance' xmlns:xs='http://www.w3.org/2001/XMLSchema' xmlns:typens='http://www.esri.com/schemas/ArcGIS/10.4'&gt;&lt;WKT&gt;PROJCS[&amp;quot;NAD_1983_StatePlane_Maryland_FIPS_1900&amp;quot;,GEOGCS[&amp;quot;GCS_North_American_1983&amp;quot;,DATUM[&amp;quot;D_North_American_1983&amp;quot;,SPHEROID[&amp;quot;GRS_1980&amp;quot;,6378137.0,298.257222101]],PRIMEM[&amp;quot;Greenwich&amp;quot;,0.0],UNIT[&amp;quot;Degree&amp;quot;,0.0174532925199433]],PROJECTION[&amp;quot;Lambert_Conformal_Conic&amp;quot;],PARAMETER[&amp;quot;False_Easting&amp;quot;,400000.0],PARAMETER[&amp;quot;False_Northing&amp;quot;,0.0],PARAMETER[&amp;quot;Central_Meridian&amp;quot;,-77.0],PARAMETER[&amp;quot;Standard_Parallel_1&amp;quot;,38.3],PARAMETER[&amp;quot;Standard_Parallel_2&amp;quot;,39.45],PARAMETER[&amp;quot;Latitude_Of_Origin&amp;quot;,37.66666666666666],UNIT[&amp;quot;Meter&amp;quot;,1.0],AUTHORITY[&amp;quot;EPSG&amp;quot;,26985]]&lt;/WKT&gt;&lt;XOrigin&gt;-36747100&lt;/XOrigin&gt;&lt;YOrigin&gt;-29091500&lt;/YOrigin&gt;&lt;XYScale&gt;121236910.21292362&lt;/XYScale&gt;&lt;ZOrigin&gt;-100000&lt;/ZOrigin&gt;&lt;ZScale&gt;10000&lt;/ZScale&gt;&lt;MOrigin&gt;-100000&lt;/MOrigin&gt;&lt;MScale&gt;10000&lt;/MScale&gt;&lt;XYTolerance&gt;0.001&lt;/XYTolerance&gt;&lt;ZTolerance&gt;0.001&lt;/ZTolerance&gt;&lt;MTolerance&gt;0.001&lt;/MTolerance&gt;&lt;HighPrecision&gt;true&lt;/HighPrecision&gt;&lt;WKID&gt;26985&lt;/WKID&gt;&lt;LatestWKID&gt;26985&lt;/LatestWKID&gt;&lt;/ProjectedCoordinateSystem&gt;</peXml></coordRef></DataProperties><SyncDate>20200430</SyncDate><SyncTime>13573000</SyncTime><ModDate>20200430</ModDate><ModTime>13573000</ModTime><scaleRange><minScale>150000000</minScale><maxScale>5000</maxScale></scaleRange><ArcGISFormat>1.0</ArcGISFormat><ArcGISProfile>ItemDescription</ArcGISProfile></Esri><idinfo><citation><citeinfo><onlink Sync="TRUE">\\TWA0078693\d\counties\stronghold-from lynn\mbss100c_biod</onlink></citeinfo></citation></idinfo><distInfo><distributor><distorTran><onLineSrc><linkage Sync="TRUE">file://\\TWA0078693\d\counties\stronghold-from lynn\mbss100c_biod</linkage><protocol Sync="TRUE">Local Area Network</protocol></onLineSrc></distorTran></distributor><distFormat><formatName Sync="TRUE">Shapefile</formatName></distFormat><distTranOps><transSize Sync="TRUE">0.267</transSize></distTranOps></distInfo><dataqual><lineage><procstep><procdesc Sync="TRUE">Dataset copied.</procdesc><srcused Sync="TRUE">X:\CWLMP\FINAL\backup\mbss100c_biod</srcused><date Sync="TRUE">20070302</date><time Sync="TRUE">13170400</time></procstep></lineage></dataqual><dataIdInfo><envirDesc Sync="TRUE"> Version 6.2 (Build 9200) ; Esri ArcGIS 10.4.0.5524</envirDesc><dataLang><languageCode value="eng" Sync="TRUE"/><countryCode value="USA" Sync="TRUE"/></dataLang><idCitation><resTitle Sync="FALSE">mbss_strata_coldstreams</resTitle><presForm><PresFormCd value="005" Sync="TRUE"/></presForm></idCitation><spatRpType><SpatRepTypCd value="001" Sync="TRUE"/></spatRpType><dataExt><geoEle xmlns=""><GeoBndBox esriExtentType="search"><exTypeCode Sync="FALSE">0</exTypeCode><westBL Sync="TRUE">-79.502361</westBL><eastBL Sync="TRUE">-77.341214</eastBL><northBL Sync="TRUE">39.746189</northBL><southBL Sync="TRUE">39.214442</southBL></GeoBndBox></geoEle></dataExt><idPurp>Sites which fall on a "mbss_strata_coldstreams" segment  must have their FIBI calculated using the associated coldwater metrics.</idPurp><idAbs>&lt;DIV STYLE="text-align:Left;"&gt;&lt;DIV&gt;&lt;DIV&gt;&lt;P&gt;&lt;SPAN&gt;Sites which fall on a "mbss_strata_coldstreams" segment must have their FIBI calculated using the coldwater metrics. This file was creating by subsetting the "mbss100c", or MBSS stream reach file. See Southerland et al. 2005.&lt;/SPAN&gt;&lt;/P&gt;&lt;/DIV&gt;&lt;/DIV&gt;&lt;/DIV&gt;</idAbs><idCredit>Maryland Department of Natural Resources</idCredit><searchKeys><keyword>Strata</keyword><keyword>Coldwater Highlands Stream Segments</keyword></searchKeys><resConst><Consts><useLimit>&lt;DIV STYLE="text-align:Left;"&gt;&lt;DIV&gt;&lt;DIV&gt;&lt;P&gt;&lt;SPAN&gt;Acknowledgement of the Maryland Department of Natural Resources would be appreciated in products derived from these data. User may be required to sign a Maryland DNR Spatial Data Products and Services License Agreement.&lt;/SPAN&gt;&lt;/P&gt;&lt;P&gt;&lt;SPAN /&gt;&lt;/P&gt;&lt;/DIV&gt;&lt;/DIV&gt;&lt;/DIV&gt;</useLimit></Consts></resConst></dataIdInfo><mdLang><languageCode value="eng" Sync="TRUE"/><countryCode value="USA" Sync="TRUE"/></mdLang><mdHrLv><ScopeCd value="005" Sync="TRUE"/></mdHrLv><mdHrLvName Sync="TRUE">dataset</mdHrLvName><spatRepInfo><VectSpatRep><geometObjs Name="mbss_strata_coldstreams"><geoObjTyp><GeoObjTypCd value="002" Sync="TRUE"></GeoObjTypCd></geoObjTyp><geoObjCnt Sync="TRUE">792</geoObjCnt></geometObjs><topLvl><TopoLevCd value="001" Sync="TRUE"></TopoLevCd></topLvl></VectSpatRep></spatRepInfo><spdoinfo><ptvctinf><esriterm Name="mbss_strata_coldstreams"><efeatyp Sync="TRUE">Simple</efeatyp><efeageom code="3" Sync="TRUE"></efeageom><esritopo Sync="TRUE">FALSE</esritopo><efeacnt Sync="TRUE">792</efeacnt><spindex Sync="TRUE">TRUE</spindex><linrefer Sync="TRUE">FALSE</linrefer></esriterm></ptvctinf></spdoinfo><eainfo><detailed Name="mbss_strata_coldstreams"><enttyp><enttypl Sync="TRUE">mbss_strata_coldstreams</enttypl><enttypt Sync="TRUE">Feature Class</enttypt><enttypc Sync="TRUE">792</enttypc></enttyp><attr><attrlabl Sync="TRUE">FID</attrlabl><attalias Sync="TRUE">FID</attalias><attrtype Sync="TRUE">OID</attrtype><attwidth Sync="TRUE">4</attwidth><atprecis Sync="TRUE">0</atprecis><attscale Sync="TRUE">0</attscale><attrdef Sync="TRUE">Internal feature number.</attrdef><attrdefs Sync="TRUE">ESRI</attrdefs><attrdomv><udom Sync="TRUE">Sequential unique whole numbers that are automatically generated.</udom></attrdomv></attr><attr><attrlabl Sync="TRUE">Shape</attrlabl><attalias Sync="TRUE">Shape</attalias><attrtype Sync="TRUE">Geometry</attrtype><attwidth Sync="TRUE">0</attwidth><atprecis Sync="TRUE">0</atprecis><attscale Sync="TRUE">0</attscale><attrdef Sync="TRUE">Feature geometry.</attrdef><attrdefs Sync="TRUE">ESRI</attrdefs><attrdomv><udom Sync="TRUE">Coordinates defining the features.</udom></attrdomv></attr><attr><attrlabl Sync="TRUE">ID</attrlabl><attalias Sync="TRUE">ID</attalias><attrtype Sync="TRUE">String</attrtype><attwidth Sync="TRUE">16</attwidth><atprecis Sync="TRUE">0</atprecis><attscale Sync="TRUE">0</attscale></attr><attr><attrlabl Sync="TRUE">STR_ORDER</attrlabl><attalias Sync="TRUE">STR_ORDER</attalias><attrtype Sync="TRUE">String</attrtype><attwidth Sync="TRUE">10</attwidth><atprecis Sync="TRUE">0</atprecis><attscale Sync="TRUE">0</attscale></attr><attr><attrlabl Sync="TRUE">TIDAL</attrlabl><attalias Sync="TRUE">TIDAL</attalias><attrtype Sync="TRUE">String</attrtype><attwidth Sync="TRUE">10</attwidth><atprecis Sync="TRUE">0</atprecis><attscale Sync="TRUE">0</attscale></attr><attr><attrlabl Sync="TRUE">PSUSHORT</attrlabl><attalias Sync="TRUE">PSUSHORT</attalias><attrtype Sync="TRUE">String</attrtype><attwidth Sync="TRUE">8</attwidth><atprecis Sync="TRUE">0</atprecis><attscale Sync="TRUE">0</attscale></attr><attr><attrlabl Sync="TRUE">PSU_NUM</attrlabl><attalias Sync="TRUE">PSU_NUM</attalias><attrtype Sync="TRUE">String</attrtype><attwidth Sync="TRUE">25</attwidth><atprecis Sync="TRUE">0</atprecis><attscale Sync="TRUE">0</attscale></attr><attr><attrlabl Sync="TRUE">PSUNAME</attrlabl><attalias Sync="TRUE">PSUNAME</attalias><attrtype Sync="TRUE">String</attrtype><attwidth Sync="TRUE">120</attwidth><atprecis Sync="TRUE">0</atprecis><attscale Sync="TRUE">0</attscale></attr><attr><attrlabl Sync="TRUE">MDE6DIGT</attrlabl><attalias Sync="TRUE">MDE6DIGT</attalias><attrtype Sync="TRUE">String</attrtype><attwidth Sync="TRUE">6</attwidth><atprecis Sync="TRUE">0</atprecis><attscale Sync="TRUE">0</attscale></attr><attr><attrlabl Sync="TRUE">MDE6NAME</attrlabl><attalias Sync="TRUE">MDE6NAME</attalias><attrtype Sync="TRUE">String</attrtype><attwidth Sync="TRUE">30</attwidth><atprecis Sync="TRUE">0</atprecis><attscale Sync="TRUE">0</attscale></attr><attr><attrlabl Sync="TRUE">MDE8DIGT</attrlabl><attalias Sync="TRUE">MDE8DIGT</attalias><attrtype Sync="TRUE">String</attrtype><attwidth Sync="TRUE">8</attwidth><atprecis Sync="TRUE">0</atprecis><attscale Sync="TRUE">0</attscale></attr><attr><attrlabl Sync="TRUE">MDE8NAME</attrlabl><attalias Sync="TRUE">MDE8NAME</attalias><attrtype Sync="TRUE">String</attrtype><attwidth Sync="TRUE">25</attwidth><atprecis Sync="TRUE">0</atprecis><attscale Sync="TRUE">0</attscale></attr><attr><attrlabl Sync="TRUE">DNR12DIG</attrlabl><attalias Sync="TRUE">DNR12DIG</attalias><attrtype Sync="TRUE">String</attrtype><attwidth Sync="TRUE">12</attwidth><atprecis Sync="TRUE">0</atprecis><attscale Sync="TRUE">0</attscale></attr><attr><attrlabl Sync="TRUE">COUNTY1</attrlabl><attalias Sync="TRUE">COUNTY1</attalias><attrtype Sync="TRUE">String</attrtype><attwidth Sync="TRUE">20</attwidth><atprecis Sync="TRUE">0</atprecis><attscale Sync="TRUE">0</attscale></attr><attr><attrlabl Sync="TRUE">COUNTY2</attrlabl><attalias Sync="TRUE">COUNTY2</attalias><attrtype Sync="TRUE">String</attrtype><attwidth Sync="TRUE">20</attwidth><atprecis Sync="TRUE">0</atprecis><attscale Sync="TRUE">0</attscale></attr><attr><attrlabl Sync="TRUE">LENGTH</attrlabl><attalias Sync="TRUE">LENGTH</attalias><attrtype Sync="TRUE">Double</attrtype><attwidth Sync="TRUE">16</attwidth><atprecis Sync="TRUE">15</atprecis><attscale Sync="TRUE">3</attscale></attr><attr><attrlabl Sync="TRUE">BRAID</attrlabl><attalias Sync="TRUE">BRAID</attalias><attrtype Sync="TRUE">String</attrtype><attwidth Sync="TRUE">5</attwidth><atprecis Sync="TRUE">0</atprecis><attscale Sync="TRUE">0</attscale></attr><attr><attrlabl Sync="TRUE">LENGTH_1</attrlabl><attalias Sync="TRUE">LENGTH_1</attalias><attrtype Sync="TRUE">Double</attrtype><attwidth Sync="TRUE">9</attwidth><atprecis Sync="TRUE">8</atprecis><attscale Sync="TRUE">3</attscale></attr><attr><attrlabl Sync="TRUE">TYPE</attrlabl><attalias Sync="TRUE">TYPE</attalias><attrtype Sync="TRUE">String</attrtype><attwidth Sync="TRUE">2</attwidth><atprecis Sync="TRUE">0</atprecis><attscale Sync="TRUE">0</attscale></attr><attr><attrlabl Sync="TRUE">BIOSCORE</attrlabl><attalias Sync="TRUE">BIOSCORE</attalias><attrtype Sync="TRUE">String</attrtype><attwidth Sync="TRUE">16</attwidth><atprecis Sync="TRUE">0</atprecis><attscale Sync="TRUE">0</attscale></attr></detailed></eainfo><mdDateSt Sync="TRUE">20200430</mdDateSt><refSysInfo><RefSystem><refSysID><identCode code="26985" Sync="TRUE"/><idCodeSpace Sync="TRUE">EPSG</idCodeSpace><idVersion Sync="TRUE">4.5(3.0.1)</idVersion></refSysID></RefSystem></refSysInfo><mdChar><CharSetCd value="004" Sync="TRUE"></CharSetCd></mdChar></metadata>
